"楷飞拌摸喊","15 - 19技","20 - 29技","30 - 39技","40 - 49技","50 - 59技","60技捞惑","15 - 64技","15 - 24技","15 - 29技","拌","chul","M15_Up_Ingu","F15_Up_Ingu","Mgj_Ingu","Fgj_Ingu","M_non_gj_Ingu","F_non_gj_Ingu","M_gj_chamga","F_gj_chamga","M_silup_rate","F_silup_rate","M_goyong_rate","F_goyong_rate","M_goyong_rate_15_64","F_goyong_rate_15_64"
"1999. 06",26,232,368,258,118,44,"1031",111,258,1046,2608,912,948,710,444,201,504,77.9,46.8,10,8.3,70.2,42.9,73.2,46
"1999. 07",29,234,368,261,115,42,"1033",119,263,1048,2805,914,950,712,437,202,512,77.9,46,9.1,8.2,70.7,42.2,73.8,45.4
"1999. 08",27,234,361,264,115,42,"1030",117,260,1044,2684,915,951,708,435,207,516,77.4,45.7,9.5,7.6,70.1,42.3,73.3,45.4
"1999. 09",30,242,374,272,116,45,"1062",118,272,1079,2853,916,952,713,447,203,505,77.8,47,7.9,5.6,71.7,44.3,74.8,47.6
"1999. 10",28,242,368,273,122,48,"1064",116,270,1081,2871,917,953,712,445,206,508,77.6,46.7,7.2,5.6,72.1,44.1,75,47.2
"1999. 11",28,236,380,272,126,47,"1071",114,263,1088,2737,918,954,711,446,207,509,77.5,46.8,6,5.6,72.8,44,75.6,47.5
"1999. 12",28,236,372,277,117,49,"1061",119,265,1079,2704,920,956,710,436,210,519,77.2,45.6,6.5,4.8,72.2,43.4,75.1,46.8
"2000. 01",30,231,361,272,114,48,"1038",120,261,1055,3320,920,957,701,435,218,522,76.3,45.4,7.8,6,70.3,42.7,73.2,46
"2000. 02",26,233,365,269,113,48,"1037",120,260,1055,3069,921,958,695,436,226,522,75.5,45.6,7.4,5.7,69.9,43,72.7,46.2
"2000. 03",25,235,372,276,123,51,"1061",117,261,1083,3267,922,959,709,448,213,512,77,46.7,6.3,6.7,72.1,43.5,75,46.7
"2000. 04",26,235,376,286,122,53,"1075",114,261,1098,2683,923,961,719,449,205,512,77.8,46.7,6,5.8,73.2,44,76.1,47
"2000. 05",25,232,380,287,128,54,"1082",111,257,1106,2782,925,962,720,450,205,512,77.9,46.7,5.3,5.7,73.7,44.1,76.6,47.1
"2000. 06",26,231,378,290,130,55,"1087",111,257,1111,2603,926,963,720,451,206,513,77.7,46.8,4.9,5.4,73.9,44.2,76.8,47.4
"2000. 07",28,237,377,296,129,55,"1096",116,265,1121,2669,929,965,722,450,208,515,77.7,46.6,4.6,3.9,74.1,44.8,76.9,48
"2000. 08",25,230,375,293,122,55,"1075",110,256,1100,2742,931,966,720,442,211,524,77.3,45.8,5.2,5.5,73.3,43.3,76,46.3
"2000. 09",24,231,378,295,123,56,"1083",111,255,1107,2925,933,967,720,449,213,519,77.1,46.4,4.6,6.2,73.6,43.5,76.4,46.6
"2000. 10",24,240,381,298,126,55,"1101",118,264,1125,2880,935,969,723,452,212,517,77.3,46.6,4.1,4.6,74.2,44.5,77.1,47.8
"2000. 11",24,238,388,298,129,55,"1109",115,262,1132,2728,936,970,719,462,217,508,76.8,47.6,4.2,4.1,73.5,45.7,76.6,49
"2000. 12",23,235,386,299,124,49,"1097",114,259,1117,2765,938,972,719,456,219,516,76.6,46.9,5.5,4.2,72.4,45,75.5,48.6
"2001. 01",26,236,370,291,117,48,"1068",119,262,1088,3072,938,973,703,451,235,522,75,46.4,6,5.4,70.5,43.9,73.4,47.4
"2001. 02",26,235,365,296,119,48,"1069",119,261,1088,2727,939,975,707,453,232,521,75.2,46.5,6.7,5.5,70.2,44,73.2,47.5
"2001. 03",26,235,371,305,124,49,"1092",117,261,1110,2896,940,976,716,461,224,515,76.2,47.2,6.3,4.7,71.4,45,74.6,48.6
"2001. 04",26,240,372,313,132,54,"1114",122,266,1136,2609,942,977,727,468,214,510,77.3,47.8,5.3,4.5,73.2,45.7,76.3,49.3
"2001. 05",24,245,375,318,135,60,"1133",122,269,1157,2511,943,979,734,474,210,504,77.8,48.5,4.5,3.9,74.3,46.6,77.2,50.2
"2001. 06",22,243,374,322,132,60,"1129",120,265,1153,2344,945,980,726,475,219,505,76.8,48.4,4.2,3.6,73.6,46.7,76.6,50.2
"2001. 07",23,245,369,320,131,61,"1121",122,267,1147,2339,947,982,735,464,211,518,77.7,47.3,4.6,3.9,74.1,45.4,77,48.8
"2001. 08",24,243,363,317,134,62,"1116",122,267,1143,2355,948,983,738,455,210,529,77.9,46.2,5,3,74,44.9,77,48.1
"2001. 09",21,249,370,325,137,63,"1138",123,270,1165,2470,949,985,741,468,209,516,78,47.5,4.4,2.4,74.6,46.4,77.6,49.7
"2001. 10",23,245,372,323,134,64,"1132",120,268,1161,2454,951,985,739,473,212,512,77.7,48,4.7,3.4,74,46.4,77,49.6
"2001. 11",25,245,374,331,137,63,"1146",123,269,1173,2383,952,987,743,485,210,502,78,49.2,5.1,3.5,74.1,47.4,77.1,50.8
"2001. 12",23,241,366,332,133,57,"1129",122,264,1152,2334,954,988,734,472,220,516,77,47.8,4.6,4.4,73.4,45.7,76.6,49.3
"2002. 01",28,243,365,330,128,57,"1128",130,271,1151,2766,956,989,732,478,224,511,76.6,48.3,5.5,3.8,72.4,46.5,75.4,50.3
"2002. 02",26,243,363,334,131,58,"1129",130,269,1154,2425,957,990,735,480,222,510,76.8,48.5,5.3,4.7,72.7,46.2,75.7,49.9
"2002. 03",21,238,367,336,135,60,"1133",119,259,1157,2633,958,991,740,475,219,516,77.2,47.9,4.9,4.6,73.4,45.7,76.5,49.4
"2002. 04",23,249,373,339,141,60,"1160",128,272,1185,2179,960,993,750,490,210,503,78.1,49.3,4.9,3.5,74.3,47.6,77.4,51.4
"2002. 05",24,248,371,337,143,66,"1162",127,272,1188,2268,961,994,747,495,214,499,77.7,49.8,4.5,4,74.2,47.9,77.2,51.6
"2002. 06",24,238,376,343,141,67,"1162",121,262,1188,2050,962,995,744,489,219,506,77.3,49.1,4,3.1,74.2,47.6,77.3,51.4
"2002. 07",25,241,375,343,140,66,"1162",126,266,1189,2115,964,996,749,483,215,513,77.7,48.5,3.5,3.4,75,46.9,78,50.7
"2002. 08",21,237,365,347,136,62,"1143",119,257,1168,2120,965,997,737,480,227,517,76.4,48.1,4.2,3.7,73.2,46.3,76.3,50.2
"2002. 09",19,238,371,350,140,64,"1156",117,257,1183,2126,965,998,739,479,226,518,76.6,48.1,3.4,2.4,74,46.9,77,50.8
"2002. 10",17,236,371,354,144,65,"1161",111,253,1187,2140,967,998,750,482,217,516,77.6,48.3,3.9,3.2,74.5,46.8,77.6,50.6
"2002. 11",17,239,369,357,145,63,"1163",115,255,1189,1992,967,999,750,481,218,518,77.5,48.2,3.6,2.9,74.7,46.8,77.8,50.7
"2002. 12",17,238,367,358,146,62,"1162",114,255,1188,1961,968,1000,753,479,215,521,77.8,47.9,4,2.9,74.7,46.5,77.7,50.5
"2003. 01",21,239,344,345,139,58,"1119",119,260,1147,2484,969,1000,742,465,228,536,76.5,46.4,5.5,4.1,72.3,44.5,75.2,48.2
"2003. 02",19,239,340,349,137,58,"1114",119,258,1142,2309,970,1001,740,462,231,539,76.2,46.1,5.2,4.6,72.3,44,75.3,47.5
"2003. 03",16,238,350,359,140,65,"1138",114,254,1168,2476,971,1002,753,472,219,530,77.5,47.1,5.1,4,73.6,45.3,76.5,48.9
"2003. 04",16,241,351,359,147,63,"1148",117,257,1177,2429,973,1002,755,474,218,528,77.6,47.3,4.4,4.1,74.2,45.4,77.3,49.1
"2003. 05",14,236,352,360,151,68,"1150",112,250,1181,2388,974,1003,755,477,219,526,77.5,47.6,4.4,3.9,74.1,45.8,76.9,49.5
"2003. 06",13,241,348,360,149,72,"1147",116,254,1182,1918,975,1004,754,478,220,526,77.4,47.6,4.5,3.5,74,45.9,76.6,49.4
"2003. 07",19,245,349,359,150,71,"1160",126,264,1194,2025,976,1005,762,486,214,518,78.1,48.4,4.9,3.5,74.3,46.7,77.1,50.4
"2003. 08",16,235,340,350,151,70,"1129",116,251,1163,2099,976,1005,748,466,228,539,76.6,46.4,4.3,4.1,73.3,44.5,76.1,47.9
"2003. 09",11,241,343,358,151,75,"1139",113,251,1177,2234,977,1006,749,478,227,528,76.7,47.5,4.4,3.4,73.3,45.9,75.8,49.3
"2003. 10",9,241,343,360,151,72,"1140",113,251,1177,2322,977,1006,751,476,227,530,76.8,47.3,4.6,3.2,73.3,45.8,75.9,49.2
"2003. 11",10,245,343,361,151,73,"1147",116,255,1183,2163,978,1007,747,484,231,523,76.4,48.1,4.2,3.5,73.2,46.4,75.9,50
"2003. 12",15,242,341,359,147,65,"1139",118,257,1170,1985,978,1007,745,481,233,526,76.2,47.8,5.2,3.9,72.3,45.9,75.3,49.6
"2004. 01",17,246,338,350,147,63,"1131",128,262,1161,2402,980,1008,742,473,238,534,75.7,47,5,3.6,71.9,45.3,75,49
"2004. 02",14,241,341,353,145,64,"1127",124,254,1158,2192,980,1008,740,480,241,528,75.5,47.6,5.5,4.5,71.3,45.5,74.4,49.1
"2004. 03",12,243,341,362,147,74,"1143",120,255,1179,2435,981,1009,749,495,232,514,76.4,49,5.2,5.3,72.4,46.4,75.4,49.9
"2004. 04",11,246,346,369,150,75,"1160",120,257,1198,2053,981,1009,754,500,228,509,76.8,49.5,4.5,4.4,73.4,47.4,76.2,50.9
"2004. 05",13,246,346,364,148,73,"1154",119,259,1191,2083,982,1010,751,493,231,517,76.5,48.8,4.2,4.5,73.3,46.6,76.3,50.2
"2004. 06",13,247,347,359,150,75,"1153",120,260,1190,1935,983,1011,749,491,234,520,76.2,48.6,4.2,3.6,73,46.8,76,50.2
"2004. 07",20,247,344,358,147,72,"1151",131,267,1188,2048,984,1011,754,489,230,523,76.6,48.3,5,3.5,72.8,46.6,75.8,50.2
"2004. 08",14,244,340,348,149,73,"1128",118,258,1166,2003,985,1012,741,481,244,531,75.3,47.5,4.7,4.6,71.8,45.4,74.8,48.5
"2004. 09",17,240,347,358,147,73,"1146",118,257,1183,2024,986,1014,743,490,243,524,75.4,48.3,4.4,3.6,72.1,46.6,75.2,50
"2004. 10",16,238,346,359,150,76,"1147",118,254,1186,2143,987,1015,753,487,234,528,76.3,48,4.8,3.6,72.6,46.2,75.6,49.7
"2004. 11",16,240,343,363,156,78,"1157",119,256,1196,1935,987,1016,760,491,228,525,76.9,48.3,5,3.4,73.1,46.6,76.1,50.1
"2004. 12",17,238,341,369,155,71,"1155",115,254,1189,1839,988,1017,756,495,233,522,76.5,48.7,5.3,4.2,72.4,46.6,75.6,50.3
"2005. 01",18,229,345,358,150,69,"1138",112,247,1168,2168,989,1018,750,482,239,536,75.8,47.3,5.9,4.2,71.4,45.4,74.7,49.2
"2005. 02",16,235,337,351,150,63,"1124",114,251,1151,1792,990,1019,739,474,251,545,74.6,46.5,5.5,4.6,70.6,44.4,74.1,48.3
"2005. 03",14,230,343,358,154,70,"1139",105,244,1169,2100,991,1020,751,478,240,542,75.8,46.8,5.1,4.6,71.9,44.7,75.3,48.5
"2005. 04",13,235,340,368,156,72,"1150",109,248,1183,1839,992,1021,760,483,233,538,76.6,47.3,4.9,4.6,72.8,45.1,76.3,48.7
"2005. 05",15,236,343,368,162,77,"1167",114,251,1202,1819,993,1022,767,489,226,533,77.3,47.8,4.8,3.4,73.5,46.2,76.8,50
"2005. 06",16,235,348,370,163,76,"1174",114,251,1207,1813,994,1023,772,491,222,532,77.6,48,4.9,3.7,73.9,46.2,77.2,50.2
"2005. 07",19,231,342,373,162,72,"1168",118,251,1200,1803,995,1025,772,483,223,542,77.6,47.1,4.9,3.7,73.8,45.4,77.2,49.5
"2005. 08",18,226,340,375,163,74,"1162",110,243,1195,1995,997,1026,767,481,230,545,76.9,46.9,4.8,3.5,73.2,45.3,76.5,49.3
"2005. 09",15,226,344,375,165,73,"1165",104,241,1198,1971,999,1028,766,486,234,541,76.6,47.3,4.5,3.9,73.1,45.5,76.4,49.6
"2005. 10",16,229,345,375,169,74,"1172",104,244,1206,1925,1001,1029,768,490,233,540,76.7,47.6,4.2,3.9,73.5,45.7,76.8,49.7
"2005. 11",15,231,346,377,169,74,"1179",105,246,1212,1965,1003,1031,777,486,226,545,77.4,47.2,4.5,3.3,73.9,45.6,77.3,49.8
"2005. 12",15,225,348,367,170,66,"1163",102,240,1190,1836,1005,1033,763,487,242,546,75.9,47.1,5.3,3.9,71.9,45.3,75.3,49.8
"2006. 01",19,227,344,363,163,62,"1151",107,247,1178,2149,1001,1034,759,478,242,556,75.9,46.3,5.5,3.6,71.7,44.6,75.3,48.9
"2006. 02",16,231,341,374,165,65,"1160",103,247,1191,1939,1003,1036,761,493,241,543,75.9,47.6,5.8,3.9,71.5,45.8,74.9,50
"2006. 03",9,229,342,378,170,73,"1165",92,238,1201,2026,1005,1037,766,498,239,539,76.2,48,5.5,4.1,72,46.1,75.3,50
"2006. 04",10,231,354,382,173,78,"1189",91,241,1228,2026,1007,1039,782,503,225,536,77.7,48.4,4.7,4.2,74,46.4,77.4,50.3
"2006. 05",10,234,351,385,174,81,"1196",88,244,1236,1976,1009,1040,783,506,227,535,77.6,48.6,4.9,2.8,73.8,47.2,77.1,51.1
"2006. 06",9,236,351,391,178,84,"1205",90,244,1248,1839,1012,1042,784,515,227,527,77.5,49.4,4.4,3.1,74.1,47.8,77.3,51.7
"2006. 07",15,237,347,381,177,82,"1199",97,252,1239,1956,1014,1044,787,508,227,536,77.6,48.7,5.1,3.1,73.7,47.2,76.9,51.1
"2006. 08",12,235,343,377,176,83,"1184",91,246,1224,1983,1017,1046,780,497,236,549,76.8,47.5,4.5,3.5,73.3,45.8,76.5,49.6
"2006. 09",9,232,350,379,176,82,"1190",83,241,1228,2005,1019,1048,778,504,241,544,76.4,48.1,4.3,4,73.1,46.1,76.4,50.2
"2006. 10",9,232,348,387,180,83,"1201",88,241,1239,2012,1021,1050,784,509,237,541,76.8,48.5,4.6,3.6,73.3,46.7,76.7,50.9
"2006. 11",8,234,347,391,181,82,"1203",88,242,1243,1979,1023,1052,784,511,239,541,76.6,48.6,4.8,2.7,72.9,47.2,76.3,51.3
"2006. 12",10,229,343,386,177,76,"1185",88,238,1221,1821,1025,1054,775,504,251,550,75.5,47.8,5.3,3.2,71.5,46.3,74.8,50.6
"2007. 01",13,224,347,380,171,71,"1172",89,237,1206,2283,1028,1056,764,500,264,556,74.3,47.4,4.9,4.1,70.7,45.4,74.1,49.7
"2007. 02",14,224,351,385,171,70,"1180",92,238,1214,2094,1030,1058,767,506,263,552,74.5,47.8,5.2,3.7,70.6,46.1,74.1,50.4
"2007. 03",10,226,354,398,177,78,"1202",85,235,1242,2312,1033,1060,785,511,247,549,76.1,48.2,4.5,3.9,72.6,46.4,76.1,50.5
"2007. 04",11,225,354,399,184,83,"1213",85,236,1256,2183,1035,1062,789,519,246,543,76.2,48.9,4.1,3.8,73.1,47,76.4,51.2
"2007. 05",12,232,351,400,185,85,"1220",88,243,1264,2079,1037,1064,799,516,239,548,77,48.5,3.9,3.7,73.9,46.7,77.2,50.7
"2007. 06",11,236,354,400,187,87,"1229",90,247,1276,2000,1040,1066,807,522,233,544,77.6,49,4,3.9,74.5,47.1,77.6,51
"2007. 07",15,245,353,402,190,87,"1245",100,259,1289,2188,1043,1068,813,530,230,538,78,49.6,3.6,4.5,75.1,47.4,78.4,51.6
"2007. 08",13,236,349,397,190,84,"1226",90,248,1269,2358,1045,1070,800,521,245,550,76.5,48.7,3.7,4.3,73.7,46.6,77,50.8
"2007. 09",10,236,354,398,200,87,"1240",84,246,1285,2390,1048,1073,804,533,244,540,76.7,49.7,4.1,3.6,73.6,47.9,76.9,52.1
"2007. 10",10,235,355,403,199,94,"1248",87,246,1297,2488,1050,1075,808,540,242,535,77,50.3,4.3,3.2,73.7,48.7,76.9,52.7
"2007. 11",12,231,362,397,202,92,"1250",84,243,1296,2254,1053,1077,802,542,251,535,76.1,50.4,4,2.9,73.1,48.9,76.3,53.3
"2007. 12",12,235,352,397,200,87,"1239",87,247,1283,2083,1055,1080,804,536,252,544,76.2,49.6,4.7,3.4,72.6,47.9,76.1,52.1
"2008. 01",15,235,343,396,199,73,"1225",89,250,1261,2417,1058,1082,798,520,260,562,75.4,48,4.8,3.6,71.8,46.3,75.6,50.8
"2008. 02",11,235,337,391,205,76,"1219",87,246,1256,2074,1060,1084,800,516,260,568,75.5,47.6,4.9,4.1,71.8,45.7,75.3,50.2
"2008. 03",9,234,340,390,212,85,"1226",83,243,1270,2328,1063,1086,811,518,252,568,76.3,47.7,4.8,4,72.7,45.8,76.1,49.9
"2008. 04",13,238,337,392,216,97,"1237",91,251,1292,2149,1065,1089,813,530,252,558,76.3,48.7,3.9,3.8,73.4,46.9,76.4,50.6
"2008. 05",13,241,337,394,218,92,"1245",92,253,1294,2086,1067,1091,813,532,255,559,76.1,48.8,4.1,3.2,73,47.2,76.3,51.2
"2008. 06",10,231,339,395,219,94,"1237",87,242,1288,1884,1070,1093,803,537,267,556,75,49.1,4.1,3.6,71.9,47.4,75.2,51.3
"2008. 07",14,237,337,394,220,93,"1247",93,252,1296,2091,1072,1095,808,541,264,554,75.4,49.4,4.3,3.3,72.1,47.8,75.6,51.7
"2008. 08",13,232,334,384,217,95,"1223",86,245,1275,2017,1073,1096,797,528,276,568,74.3,48.2,4.3,3.1,71.1,46.7,74.4,50.4
"2008. 09",11,231,336,385,219,99,"1223",82,242,1280,2181,1074,1097,793,534,281,563,73.8,48.7,3.8,3.2,71,47.1,74.1,50.6
"2008. 10",10,228,342,393,227,101,"1242",79,238,1300,2187,1075,1098,802,547,273,551,74.6,49.8,3.6,3.7,71.9,48,75,51.5
"2008. 11",10,229,339,394,230,99,"1246",81,239,1302,2001,1077,1100,808,541,269,558,75.1,49.2,3.8,3.2,72.2,47.7,75.6,51.2
"2008. 12",9,224,333,391,220,87,"1217",77,234,1265,1950,1078,1101,798,519,280,582,74,47.1,4.1,3.6,71,45.4,74.7,49.1
"2009. 01",13,223,325,390,221,75,"1210",79,236,1247,2434,1080,1102,783,518,297,584,72.5,47,4.3,3.9,69.3,45.2,73.3,49.6
"2009. 02",9,231,321,389,216,82,"1205",82,240,1248,2020,1081,1103,790,518,291,586,73.1,46.9,5,3.9,69.4,45.1,73.1,49.2
"2009. 03",8,230,324,394,222,84,"1219",78,238,1262,2257,1082,1104,797,531,285,574,73.6,48.1,5.3,4.4,69.7,45.9,73.4,50.2
"2009. 04",9,233,332,396,231,99,"1247",83,242,1300,2092,1083,1106,811,547,272,559,74.9,49.5,4.5,4.1,71.6,47.5,74.9,51.4
"2009. 05",10,231,333,395,231,102,"1247",85,240,1301,2012,1084,1107,819,552,265,555,75.5,49.9,5.8,4.1,71.2,47.8,74.6,51.7
"2009. 06",10,240,335,403,237,110,"1275",91,250,1335,1825,1085,1108,829,573,256,535,76.4,51.7,5.3,4,72.3,49.6,75.4,53.5
"2009. 07",15,246,335,400,230,114,"1277",101,260,1339,1903,1087,1109,833,570,254,539,76.6,51.4,5.2,3.6,72.7,49.5,75.9,53.2
"2009. 08",15,237,332,392,233,107,"1258",96,251,1315,1966,1088,1111,822,552,266,559,75.5,49.7,5,3.3,71.8,48,75,51.9
"2009. 09",10,233,334,396,238,106,"1262",87,243,1316,2044,1090,1112,812,562,277,551,74.5,50.5,4.9,3.2,70.9,48.9,74.5,52.8
"2009. 10",11,235,338,393,235,106,"1264",87,246,1318,2040,1091,1114,818,557,273,557,75,50,4.9,3.1,71.4,48.4,75,52.3
"2009. 11",14,233,337,395,234,110,"1268",90,247,1323,1912,1093,1115,824,566,269,550,75.4,50.7,5.3,4.2,71.5,48.6,75.1,52.5
"2009. 12",10,235,340,391,231,92,"1259",87,245,1299,1874,1094,1117,814,547,280,570,74.4,49,4.3,4.9,71.2,46.6,75.4,51.2
"2010. 01",17,229,335,392,226,83,"1251",91,246,1282,2352,1097,1119,815,552,282,567,74.3,49.4,5.6,7.1,70.1,45.8,74.7,50.7
"2010. 02",13,229,333,390,225,91,"1241",90,241,1280,2034,1099,1120,819,549,280,571,74.5,49,6.1,6.8,70,45.7,74.4,50
"2010. 03",11,227,333,391,235,104,"1255",85,238,1301,2215,1100,1122,822,554,278,567,74.7,49.4,5.5,5.4,70.6,46.7,74.9,50.6
"2010. 04",12,235,332,393,242,117,"1273",92,247,1332,2100,1101,1123,833,566,268,557,75.7,50.4,5.1,4.3,71.8,48.2,75.6,51.7
"2010. 05",12,237,333,397,249,124,"1290",91,249,1351,2095,1103,1125,840,568,263,557,76.2,50.5,4.4,3.5,72.8,48.7,76.7,52.1
"2010. 06",13,237,334,395,249,117,"1289",93,250,1345,1980,1104,1126,834,572,270,555,75.5,50.8,4.5,4,72.1,48.7,76.1,52.5
"2010. 07",20,237,343,394,253,121,"1309",99,257,1369,2034,1106,1128,854,583,253,545,77.2,51.7,4.9,4.5,73.4,49.4,77.3,53
"2010. 08",13,224,338,393,252,120,"1279",83,236,1339,2153,1108,1130,828,570,280,560,74.7,50.4,4.4,4,71.4,48.4,75.3,52
"2010. 09",9,226,336,396,255,115,"1281",81,235,1338,2266,1110,1131,846,560,264,571,76.2,49.5,4.9,4.8,72.5,47.2,76.3,50.9
"2010. 10",9,225,335,396,266,117,"1287",78,234,1346,2365,1111,1133,854,566,257,567,76.9,49.9,5,5.5,73,47.2,76.9,50.8
"2010. 11",9,232,337,402,263,116,"1300",83,241,1359,2279,1113,1135,854,570,260,565,76.7,50.2,4.8,4,73,48.2,76.8,52
"2010. 12",13,222,341,402,259,103,"1292",80,235,1340,1879,1115,1137,851,569,265,568,76.3,50.1,5.5,5.8,72.1,47.1,76.4,51.4
"2011. 01",18,221,336,396,251,93,"1273",85,239,1314,2590,1117,1139,835,555,282,584,74.7,48.7,5,6.2,71,45.7,75.5,50.3
"2011. 02",18,217,338,384,259,95,"1270",82,235,1311,2102,1119,1141,840,553,279,587,75.1,48.5,6.2,5.5,70.4,45.8,74.9,50.3
"2011. 03",18,213,341,392,268,102,"1288",85,231,1335,2325,1120,1143,861,563,260,579,76.8,49.3,6.3,6.2,72,46.2,76.3,50.5
"2011. 04",16,213,344,399,280,117,"1311",84,229,1369,2299,1122,1144,860,584,262,560,76.7,51,4.9,5.7,72.9,48.2,76.7,52.3
"2011. 05",18,221,344,407,287,124,"1336",89,238,1400,2106,1124,1146,866,596,259,551,77,52,4.2,4.2,73.8,49.8,77.6,53.7
"2011. 06",16,218,345,408,291,126,"1340",87,234,1404,1986,1125,1148,865,607,260,541,76.9,52.8,4.4,5,73.5,50.2,77.2,54.3
"2011. 07",20,220,340,414,289,117,"1342",92,240,1400,2135,1127,1150,872,601,255,549,77.4,52.3,5.4,4.5,73.3,49.9,77.2,54.3
"2011. 08",21,220,335,412,292,120,"1341",91,241,1400,2250,1129,1152,863,598,266,554,76.5,51.9,4.3,4,73.2,49.8,77.3,54
"2011. 09",16,216,337,409,288,121,"1328",87,232,1387,2184,1130,1154,858,589,273,565,75.9,51.1,4.4,3.7,72.5,49.2,76.5,53.3
"2011. 10",14,219,338,417,300,126,"1350",89,233,1413,2141,1132,1156,866,606,265,550,76.6,52.4,3.9,4.3,73.6,50.2,77.3,54.6
"2011. 11",15,221,339,416,296,130,"1351",93,236,1416,2108,1134,1158,868,607,266,552,76.6,52.4,4.6,3,73,50.8,76.7,55.1
"2011. 12",17,223,338,417,300,122,"1358",94,240,1416,1892,1137,1160,871,602,266,558,76.6,51.9,3.9,3.9,73.6,49.9,77.7,54.5
"2012. 01",16,214,330,409,290,117,"1320",90,230,1376,2546,1138,1162,856,594,282,568,75.2,51.1,5,5.2,71.5,48.4,75.4,53
"2012. 02",16,212,333,407,293,116,"1318",90,228,1376,2211,1140,1164,855,598,285,566,75,51.4,5.1,5.6,71.2,48.5,75.1,53
"2012. 03",16,224,338,419,295,123,"1353",98,240,1415,2492,1142,1166,876,611,266,555,76.7,52.4,4.6,5.1,73.2,49.7,77.1,54.3
"2012. 04",21,219,341,415,303,139,"1364",102,240,1438,2270,1143,1168,885,624,258,545,77.4,53.4,4.4,5.1,74,50.7,77.4,54.8
"2012. 05",22,215,337,419,305,148,"1363",99,236,1445,2251,1145,1170,882,632,263,538,77,54,4.4,4.8,73.6,51.4,76.7,55.2
"2012. 06",20,215,344,417,308,147,"1369",99,235,1450,2236,1146,1172,884,635,262,538,77.2,54.1,4.7,4.2,73.5,51.8,76.6,55.9
"2012. 07",24,227,339,413,306,143,"1373",109,250,1451,2281,1148,1174,893,628,255,546,77.8,53.5,4.7,4.4,74.1,51.1,77.5,55.2
"2012. 08",22,211,340,410,310,138,"1356",96,233,1430,2385,1150,1176,878,619,271,557,76.4,52.6,4.4,4.6,73,50.2,76.6,54.3
"2012. 09",15,208,344,412,316,142,"1360",87,222,1436,2420,1151,1178,874,622,277,556,75.9,52.8,3.9,4.2,73,50.6,76.4,54.8
"2012. 10",16,215,347,414,317,142,"1378",95,231,1451,2461,1152,1180,879,630,273,550,76.3,53.4,3.9,3.7,73.3,51.4,77,55.8
"2012. 11",15,218,344,410,324,141,"1379",99,233,1452,2227,1154,1182,881,627,273,555,76.4,53.1,4.3,2.9,73.1,51.5,76.7,56
"2012. 12",14,216,340,407,314,133,"1357",95,230,1424,2001,1157,1184,875,617,282,567,75.6,52.1,4.9,4.1,71.9,50,75.6,54.8
"2013. 01",17,207,332,396,313,125,"1331",94,224,1389,2539,1158,1185,870,603,289,582,75.1,50.9,5.9,5.2,70.6,48.2,74.5,53.3
"2013. 02",19,204,334,389,308,133,"1323",94,223,1387,2182,1160,1187,866,607,294,581,74.6,51.1,6.5,4.8,69.8,48.7,73.4,53.6
"2013. 03",16,201,344,400,323,146,"1357",91,217,1431,2300,1162,1189,874,621,288,568,75.2,52.2,4.8,3.6,71.7,50.3,75,55.1
"2013. 04",17,204,343,398,334,157,"1370",94,222,1453,2096,1163,1191,881,634,283,557,75.7,53.3,4.6,3.4,72.2,51.5,75.4,55.8
"2013. 05",19,212,343,399,329,158,"1373",101,231,1460,2045,1165,1193,888,630,277,563,76.2,52.8,4.4,2.9,72.9,51.2,75.9,55.4
"2013. 06",18,212,344,402,336,159,"1382",102,230,1471,1909,1167,1195,892,632,275,563,76.5,52.9,4.1,2.7,73.3,51.5,76.4,55.7
"2013. 07",16,209,342,402,335,156,"1374",98,226,1460,2162,1169,1196,890,633,278,563,76.2,52.9,4.3,4.1,73,50.8,76.1,55
"2013. 08",15,212,340,405,333,158,"1376",99,227,1463,2203,1170,1198,887,637,283,561,75.8,53.1,4.1,3.8,72.7,51.1,75.9,55.2
"2013. 09",12,217,346,403,332,164,"1382",102,229,1473,2129,1172,1200,888,639,284,561,75.8,53.2,3.9,2.9,72.8,51.7,75.9,55.7
"2013. 10",12,206,351,407,337,165,"1386",96,219,1478,2144,1174,1202,895,639,279,563,76.2,53.2,3.7,3.5,73.4,51.3,76.7,55.2
"2013. 11",9,209,344,407,331,159,"1371",91,219,1458,1972,1175,1203,885,630,291,574,75.3,52.3,3.2,4.3,72.8,50,76.5,53.8
"2013. 12",11,211,345,402,334,150,"1377",93,222,1454,1879,1177,1205,884,627,294,579,75.1,52,3.5,4.2,72.5,49.8,76.4,54.2
"2014. 01",19,205,338,400,331,141,"1364",96,224,1434,2362,1179,1207,892,632,286,575,75.7,52.4,5.4,6.6,71.6,48.9,76,53.4
"2014. 02",17,206,332,404,334,143,"1365",96,223,1436,2192,1180,1209,891,636,290,573,75.5,52.6,5.5,6.5,71.3,49.2,75.6,53.7
"2014. 03",14,200,336,407,341,158,"1370",86,213,1456,2219,1182,1210,897,638,285,572,75.9,52.7,4.9,5.6,72.2,49.8,75.8,53.8
"2014. 04",15,208,340,407,350,167,"1393",93,224,1487,2246,1184,1212,906,651,278,561,76.5,53.7,4.5,4.3,73,51.4,76.6,55.1
"2014. 05",17,209,340,407,349,172,"1397",97,226,1494,2118,1185,1214,907,662,278,552,76.5,54.5,4.3,5.4,73.2,51.6,76.7,55.3
"2014. 06",14,206,341,409,349,177,"1393",94,220,1496,1955,1187,1216,902,663,284,553,76,54.5,4,5,73,51.8,76.2,55.3
"2014. 07",17,211,341,407,350,174,"1401",99,228,1501,2156,1188,1217,904,665,284,552,76.1,54.6,4.6,4,72.6,52.4,76,56.2
"2014. 08",17,211,336,402,350,170,"1390",96,229,1487,2227,1190,1218,893,656,296,562,75.1,53.9,4.1,3.9,72,51.8,75.5,55.5
"2014. 09",15,215,337,405,352,168,"1398",94,230,1492,2248,1191,1220,895,656,295,564,75.2,53.8,3.7,4,72.4,51.6,76.1,55.6
"2014. 10",15,211,336,402,348,162,"1383",90,225,1473,2118,1191,1221,888,648,304,573,74.5,53.1,3.5,4.7,71.9,50.6,75.6,54.6
"2014. 11",16,208,338,396,347,166,"1380",90,223,1470,1937,1193,1222,895,645,298,578,75,52.7,3.8,5.5,72.2,49.8,76.2,53.7
"2014. 12",15,206,339,393,347,140,"1376",89,221,1440,2008,1194,1223,879,631,315,592,73.6,51.6,4.1,5.4,70.6,48.8,75.4,54.1
"2015. 01",17,211,345,391,344,134,"1387",96,227,1441,2445,1195,1225,885,638,310,586,74,52.1,5.2,5.7,70.2,49.2,75.4,55.1
"2015. 02",21,200,347,394,335,140,"1377",94,220,1435,2113,1196,1226,895,638,301,588,74.8,52,6.4,6.3,70,48.8,75.1,54.3
"2015. 03",12,201,346,398,341,165,"1385",89,213,1463,2262,1197,1227,902,644,296,583,75.3,52.5,5.7,4.9,71,49.9,75.2,54.9
"2015. 04",14,208,337,403,345,177,"1397",92,222,1483,2201,1199,1229,921,647,277,582,76.9,52.6,6.3,4.2,72,50.4,76.2,55
"2015. 05",14,215,334,401,345,189,"1402",95,229,1498,2138,1200,1230,924,662,276,568,77,53.8,5.7,5.2,72.6,51,76.3,55.2
"2015. 06",15,207,335,405,351,189,"1405",87,221,1501,2011,1201,1231,919,665,282,566,76.5,54,5.2,5.4,72.6,51.1,76.2,55.6
"2015. 07",18,209,333,402,354,186,"1409",95,228,1502,2194,1202,1232,918,664,284,569,76.4,53.9,4.5,5.9,73,50.7,76.8,55.2
"2015. 08",15,213,336,395,350,184,"1399",97,228,1493,2031,1203,1234,918,648,286,586,76.2,52.5,4.9,4.2,72.5,50.3,76.2,54.8
"2015. 09",14,218,334,400,358,184,"1415",99,233,1509,2131,1205,1235,921,662,283,573,76.5,53.6,5.3,4,72.4,51.5,76.3,56.2
"2015. 10",13,216,336,402,360,181,"1416",99,228,1507,2118,1206,1236,919,662,287,575,76.2,53.5,4.8,4.4,72.5,51.2,76.4,56
"2015. 11",13,223,341,403,360,180,"1431",101,235,1519,1936,1207,1238,917,670,290,568,76,54.1,4.5,4,72.6,52,76.7,57.1
"2015. 12",15,223,346,402,356,161,"1433",107,237,1501,1911,1208,1239,908,654,300,585,75.1,52.8,4.2,3.5,72,50.9,77.1,56.8
"2016. 01",16,220,345,408,354,153,"1437",101,235,1496,2285,1207,1240,914,653,294,587,75.7,52.7,4.4,4.6,72.3,50.2,77.8,56.5
"2016. 02",13,213,340,403,356,159,"1420",98,226,1484,2014,1209,1242,925,660,284,581,76.5,53.2,7,5.6,71.2,50.2,76.4,56.2
"2016. 03",10,223,336,405,357,173,"1424",104,233,1504,2148,1210,1243,929,660,281,583,76.8,53.1,5.9,4.7,72.3,50.6,76.9,56
"2016. 04",10,228,337,408,362,178,"1440",105,238,1522,2101,1211,1244,926,679,285,565,76.4,54.6,5.6,4.6,72.2,52.1,76.9,57.4
"2016. 05",14,233,340,406,365,183,"1453",108,247,1540,1974,1213,1246,935,682,278,563,77.1,54.8,5.6,3.8,72.8,52.7,77.5,57.9
"2016. 06",12,226,340,408,356,187,"1441",103,238,1529,1889,1214,1247,943,674,271,573,77.7,54.1,6.3,4.3,72.8,51.7,77.5,56.7
"2016. 07",16,235,342,406,364,187,"1463",113,251,1550,2024,1215,1248,948,681,267,567,78,54.6,5.8,3.7,73.5,52.6,78.3,57.8
"2016. 08",18,226,338,408,364,182,"1451",110,243,1535,1956,1216,1249,932,673,284,576,76.7,53.9,4.3,4.5,73.3,51.5,78.3,56.7
"2016. 09",15,223,340,400,366,180,"1439",105,238,1523,2050,1217,1250,935,663,282,587,76.9,53.1,4.9,4.5,73.1,50.7,78,55.9
"2016. 10",13,228,341,395,369,183,"1446",106,240,1527,1780,1218,1251,938,660,280,591,77,52.7,4.2,4.7,73.8,50.3,78.9,55.5
"2016. 11",12,214,342,400,371,186,"1440",93,226,1524,1803,1219,1252,933,660,286,592,76.5,52.7,4.2,4.4,73.3,50.4,78.2,55.7
"2016. 12",12,218,340,398,369,174,"1438",95,230,1511,1585,1220,1253,919,655,301,597,75.3,52.3,3.9,4.1,72.4,50.1,77.6,56.1
"2017. 01",13,211,335,399,367,166,"1425",90,225,1490,1985,1221,1254,915,660,307,593,74.9,52.7,5.4,5.3,70.8,49.9,76.1,56.4
"2017. 02",16,219,336,400,363,170,"1437",92,235,1503,1732,1222,1255,934,671,289,584,76.4,53.5,7,5.4,71,50.6,76.4,57.2
"2017. 03",14,219,335,397,366,188,"1440",91,234,1519,1900,1224,1256,936,666,288,590,76.5,53,5.7,4.2,72.1,50.8,76.9,56.9
"2017. 04",16,220,339,396,367,186,"1444",98,236,1523,1696,1224,1256,942,666,282,591,76.9,53,5.6,4.8,72.6,50.4,77.6,56.5
"2017. 05",17,231,337,394,374,196,"1461",106,248,1548,1696,1226,1257,951,675,275,583,77.6,53.7,5.2,4.2,73.6,51.4,78.3,57.4
"2017. 06",19,227,334,392,382,196,"1462",109,245,1549,1696,1226,1258,954,666,272,592,77.8,52.9,4.9,3.7,74,51,78.8,56.9
"2017. 07",17,231,335,392,377,194,"1457",108,249,1546,1743,1227,1259,951,661,276,598,77.5,52.5,4.7,3.3,73.9,50.7,78.7,56.6
"2017. 08",15,222,334,389,372,190,"1436",97,237,1522,1753,1228,1260,934,660,294,600,76.1,52.4,5.4,3.2,71.9,50.7,76.8,56.6
"2017. 09",12,226,335,392,376,200,"1448",96,238,1540,1786,1229,1261,936,674,293,587,76.2,53.5,5.5,2.7,72,52,76.6,57.8
"2017. 10",13,232,334,397,382,203,"1466",99,244,1560,1595,1230,1262,933,688,296,573,75.9,54.6,4.6,2.6,72.4,53.1,77.1,59
"2017. 11",11,228,335,393,377,205,"1454",100,239,1549,1553,1231,1263,928,683,303,580,75.4,54.1,4.6,2.8,71.9,52.6,76.7,58.3
"2017. 12",10,230,335,392,377,196,"1453",101,240,1539,1310,1232,1263,930,675,302,589,75.5,53.4,4.7,3.1,71.9,51.7,76.9,58
"2018. 01",13,230,341,393,378,184,"1465",100,243,1538,1900,1232,1264,931,678,301,586,75.6,53.7,4.5,4.2,72.1,51.4,77.5,58.5
"2018. 02",16,232,340,392,378,188,"1466",103,247,1546,1700,1232,1264,932,697,300,568,75.6,55.1,4.7,5.6,72.1,52,77.3,58.9
"2018. 03",14,234,344,387,384,207,"1472",103,248,1569,1800,1232,1265,945,706,287,559,76.7,55.8,4.8,5.3,73.1,52.8,78,58.8
"2018. 04",12,225,339,392,382,212,"1458",101,237,1562,1700,1233,1266,942,701,291,565,76.4,55.4,4.5,5.4,72.9,52.4,77.3,58.2
"2018. 05",14,236,341,397,383,216,"1483",107,250,1587,1700,1233,1266,959,704,274,562,77.8,55.6,4.7,4.3,74.1,53.2,78.8,59.1
"2018. 06",15,239,338,396,389,219,"1488",109,253,1595,1600,1234,1266,954,707,280,560,77.3,55.8,4,3.9,74.2,53.6,78.8,59.5
"2018. 07",13,240,337,397,392,213,"1489",106,252,1591,1600,1235,1268,944,712,291,556,76.5,56.1,4.1,3.7,73.3,54.1,78.1,60.3
"2018. 08",14,237,330,388,388,214,"1465",106,251,1570,1700,1236,1269,939,701,297,567,76,55.3,4.6,3.8,72.4,53.2,77,59.2
"2018. 09",15,240,328,387,391,216,"1473",107,255,1578,1600,1238,1270,941,699,297,570,76,55.1,4.2,3.2,72.8,53.3,77.4,59.5
"2018. 10",13,244,332,386,392,215,"1476",103,257,1581,1700,1239,1271,940,703,299,567,75.9,55.3,3.6,4.1,73.2,53.1,77.9,59.2
"2018. 11",11,238,332,393,398,220,"1487",94,248,1590,1600,1240,1272,941,711,299,561,75.9,55.9,3.8,3.6,73,53.9,77.7,60.4
"2018. 12",14,247,330,392,396,208,"1492",103,261,1587,1500,1241,1273,944,705,297,568,76.1,55.4,3.9,3.6,73.1,53.4,78.1,60.4
