"연도별","농축수산물","공업제품","내구재","섬유제품","출판물","석유류","기타","집세","유치원납입금","고등학교납입금","전문대학납입금","국공립대학교납입금","사립대학교납입금","국공립대학원납입금","사립대학원납입금","보육시설이용료","독서실비","초등학생학원비","고등학생학원비","음악학원비","미술학원비","운동학원비","전산학원비","가정학습지","취업학원비","외국어학원비","운동강습료","혼인율","X20대취업율","X30대취업율","X40대취업율","chul","M15_Up_Ingu","F15_Up_Ingu","Mgj_Ingu","Fgj_Ingu","M_silup_rate","F_silup_rate"
"1999. 06",58.324,65.371,95.192,65.971,57.23,62.502,57.069,72.635,53.463,85.599,51.395,55.173,52.821,52.609,42.907,83.16,73.782,57.677,50.417,62.472,60.26,53.976,67.008,68.798,58.05,64.551,91.115,1076,232,368,258,2608,912,948,710,444,10,8.3
"1999. 07",57.605,65.099,95.192,65.971,57.23,62.137,57.069,72.491,53.463,85.599,51.395,55.173,52.821,52.609,42.907,83.16,73.782,57.677,50.417,62.472,60.26,53.976,67.008,68.798,58.05,64.551,91.115,663,234,368,261,2805,914,950,712,437,9.1,8.2
"1999. 08",62.742,65.317,95.491,65.971,57.23,62.901,57.026,72.346,53.463,85.599,51.395,55.173,52.821,52.609,42.907,83.16,73.782,59.774,50.417,62.472,60.26,53.976,67.008,68.798,58.05,64.551,91.115,719,234,361,264,2684,915,951,708,435,9.5,7.6
"1999. 09",61.15,65.371,94.793,65.971,57.102,64.462,56.94,72.13,53.463,85.599,51.395,56.205,52.821,52.609,43.74,83.16,73.782,59.774,50.417,62.472,60.26,53.976,67.008,68.798,58.05,64.551,91.115,966,242,374,272,2853,916,952,713,447,7.9,5.6
"1999. 10",62.383,66.188,95.692,66.095,57.102,69.245,56.723,71.407,53.463,85.599,51.395,56.205,52.821,52.609,43.74,83.16,73.782,59.774,50.417,62.472,60.26,53.976,67.008,68.798,58.05,64.551,91.115,2446,242,368,273,2871,917,953,712,445,7.2,5.6
"1999. 11",60.327,66.133,94.593,66.034,57.102,71.038,56.593,71.624,53.463,85.599,51.395,56.205,52.821,52.609,43.74,83.16,73.782,59.774,50.417,62.472,60.26,53.976,67.008,68.798,58.05,64.551,91.115,2467,236,380,272,2737,918,954,711,446,6,5.6
"1999. 12",60.996,65.643,92.496,66.034,57.358,69.411,56.55,71.551,53.463,85.599,51.395,56.205,52.821,52.609,43.74,83.16,73.782,59.774,50.417,62.472,60.26,53.976,67.008,68.798,58.05,64.551,91.115,1818,236,372,277,2704,920,956,710,436,6.5,4.8
"2000. 01",62.827,65.567,91.075,65.889,58.266,68.471,58.141,71.371,53.464,85.659,51.393,56.171,52.806,52.65,43.771,83.16,73.783,59.778,50.853,62.488,61.6,55.057,67.015,73.268,58.05,64.565,91.115,1253,231,361,272,3320,920,957,701,435,7.8,6
"2000. 02",63.075,65.634,91.258,65.956,58.989,68.328,58.141,71.588,53.464,85.659,51.393,56.171,52.806,52.65,43.771,83.16,74.982,62.977,50.853,62.74,61.6,55.057,67.015,73.268,58.05,64.565,91.115,941,233,365,269,3069,921,958,695,436,7.4,5.7
"2000. 03",62.951,65.7,91.258,65.956,60.494,68.328,58.198,71.66,55.505,92.508,56.271,63.732,58.316,58.018,50.654,83.16,74.982,62.977,58.077,62.74,62.959,55.057,69.203,76.066,58.05,65.685,91.115,1824,235,372,276,3267,922,959,709,448,6.3,6.7
"2000. 04",61.584,65.302,91.166,65.956,60.494,66.906,57.909,71.732,55.505,92.508,56.271,63.732,58.316,58.018,50.654,83.16,74.982,62.977,58.077,62.74,61.6,55.057,69.203,76.066,58.05,65.685,91.115,2172,235,376,286,2683,923,961,719,449,6,5.8
"2000. 05",59.969,65.435,91.351,66.556,60.494,66.264,57.909,71.949,55.505,92.508,56.271,63.732,58.316,58.018,50.654,83.16,74.982,62.977,58.077,62.74,61.6,55.057,69.203,76.066,58.05,65.685,91.115,2010,232,380,287,2782,925,962,720,450,5.3,5.7
"2000. 06",59.72,66.164,92.271,66.556,60.494,69.966,58.082,72.022,55.505,92.508,56.271,63.732,58.316,58.018,50.654,83.16,74.982,62.977,58.077,62.74,61.6,55.057,69.203,76.066,58.05,65.685,91.115,1051,231,378,290,2603,926,963,720,451,4.9,5.4
"2000. 07",60.403,66.032,92.364,66.556,60.494,69.966,57.966,72.238,55.505,92.508,56.271,63.732,58.316,58.018,50.654,83.16,74.982,62.977,58.077,62.74,61.6,55.057,69.203,76.066,58.05,65.685,91.115,580,237,377,296,2669,929,965,722,450,4.6,3.9
"2000. 08",62.392,66.695,92.64,66.556,60.494,72.67,58.024,72.382,55.505,92.508,56.271,63.732,58.316,58.018,50.654,83.16,74.982,62.977,58.077,62.74,61.6,55.057,68.109,76.066,58.05,65.685,91.115,620,230,375,293,2742,931,966,720,442,5.2,5.5
"2000. 09",67.426,67.226,93.284,66.556,60.494,74.664,58.198,72.382,55.505,92.508,56.271,63.732,58.316,58.018,50.654,83.16,74.982,62.977,58.077,62.74,61.6,55.057,68.109,76.066,58.05,66.871,91.115,1099,231,378,295,2925,933,967,720,449,4.6,6.2
"2000. 10",64.257,67.425,92.916,67.557,60.494,76.23,57.966,72.455,55.505,92.508,56.271,63.732,58.316,58.018,50.654,83.16,74.982,62.977,58.077,62.74,61.6,55.057,68.109,76.066,58.05,66.871,91.115,2431,240,381,298,2880,935,969,723,452,4.1,4.6
"2000. 11",60.838,67.226,92.824,68.024,60.494,75.66,56.75,72.96,55.505,92.508,56.271,63.732,58.316,58.018,50.654,83.16,74.982,62.977,58.077,62.74,61.6,55.057,68.109,76.066,58.05,66.871,91.115,2164,238,388,298,2728,936,970,719,462,4.2,4.1
"2000. 12",60.466,67.956,92.824,68.024,60.494,76.656,58.43,73.682,55.505,92.508,56.271,63.732,58.316,58.018,50.654,83.16,74.982,62.977,58.077,62.74,61.6,55.057,68.109,76.066,58.05,66.871,91.115,1712,235,386,299,2765,938,972,719,456,5.5,4.2
"2001. 01",63.075,68.156,92.916,67.957,60.554,75.66,59.821,73.972,55.505,92.508,56.271,63.732,58.316,58.018,50.654,86.403,74.982,64.358,58.93,62.74,61.6,56.159,68.109,76.066,58.05,66.871,96.217,861,236,370,291,3072,938,973,703,451,6,5.4
"2001. 02",63.075,68.421,92.916,67.89,61.577,75.803,60.343,74.116,55.505,92.508,56.271,63.732,58.316,58.018,50.654,86.403,74.982,64.358,58.93,62.74,61.6,56.159,68.109,76.142,58.05,66.871,96.217,1046,235,365,296,2727,939,975,707,453,6.7,5.5
"2001. 03",65.375,68.355,93.008,67.957,61.638,76.158,59.3,74.261,61.574,92.508,58.156,69.606,62.162,61.844,55.06,85.987,74.982,64.358,60.523,62.74,62.403,58.361,68.109,76.142,58.05,69.177,96.217,1751,235,371,305,2896,940,976,716,461,6.3,4.7
"2001. 04",66.059,68.553,92.547,67.957,61.638,76.799,60.923,74.622,61.574,92.508,58.156,69.606,62.162,61.844,55.06,85.987,74.982,64.358,60.523,62.74,62.403,58.361,68.109,76.142,58.05,69.177,96.217,2094,240,372,313,2609,942,977,727,468,5.3,4.5
"2001. 05",64.381,68.62,92.824,68.424,61.638,75.944,61.039,74.766,61.574,92.508,58.156,67.668,62.162,61.844,55.06,85.987,74.982,64.358,60.523,62.74,62.403,58.361,68.109,76.142,58.05,69.177,96.217,1972,245,375,318,2511,943,979,734,474,4.5,3.9
"2001. 06",64.94,68.687,91.995,68.29,61.638,76.371,61.56,75.705,61.574,92.508,58.156,67.668,62.162,61.844,55.06,85.987,74.982,64.358,60.523,62.74,62.403,58.361,68.109,76.142,58.05,69.177,96.217,878,243,374,322,2344,945,980,726,475,4.2,3.6
"2001. 07",66.804,68.488,91.719,68.357,61.698,76.514,60.575,75.922,61.574,92.508,58.156,67.668,62.162,61.844,55.06,85.987,74.982,64.358,60.523,62.74,63.761,58.361,68.109,76.142,58.05,71.089,96.217,754,245,369,320,2339,947,982,735,464,4.6,3.9
"2001. 08",69.849,68.553,92.364,68.357,61.698,74.664,61.619,75.994,61.574,92.508,58.156,67.668,62.162,61.844,55.06,85.987,78.203,64.358,60.523,62.74,63.761,58.361,68.109,76.142,58.05,71.089,96.217,604,243,363,317,2355,948,983,738,455,5,3
"2001. 09",68.296,68.488,92.732,68.424,61.698,74.236,61.502,76.5,61.574,92.508,58.156,67.668,61.588,61.844,55.06,85.987,78.203,64.358,60.523,62.74,63.761,58.361,68.109,76.142,58.05,71.089,96.217,1168,249,370,325,2470,949,985,741,468,4.4,2.4
"2001. 10",67.115,68.553,92.824,68.89,61.698,74.308,61.212,76.572,61.574,92.508,58.156,67.668,61.588,61.844,55.06,85.987,78.203,65.424,60.523,62.74,63.761,58.361,68.109,76.142,58.05,71.089,96.217,1936,245,372,323,2454,951,985,739,473,4.7,3.4
"2001. 11",64.567,68.222,92.824,68.957,63.082,72.172,60.516,77.078,61.574,92.508,58.156,67.668,61.588,61.844,55.06,85.987,78.203,65.424,60.523,62.74,63.761,58.361,68.109,80.906,58.05,71.089,96.217,2240,245,374,331,2383,952,987,743,485,5.1,3.5
"2001. 12",65.935,67.824,91.075,69.558,63.082,69.326,62.024,77.512,61.574,92.508,58.156,67.668,61.588,61.844,55.06,85.987,78.203,65.424,61.377,62.74,63.761,58.361,68.109,80.906,58.05,71.089,96.217,1762,241,366,332,2334,954,988,734,472,4.6,4.4
"2002. 01",67.488,67.956,91.258,69.558,63.142,70.322,61.851,77.656,61.574,92.508,58.156,67.668,61.588,61.844,55.06,85.987,74.982,65.989,61.377,62.74,63.761,59.462,68.109,80.906,58.05,71.089,96.217,982,243,365,330,2766,956,989,732,478,5.5,3.8
"2002. 02",70.036,68.488,91.443,69.424,64.045,70.464,64.342,77.872,61.574,92.508,58.156,67.668,61.588,61.844,55.06,85.987,74.982,65.989,61.377,65.186,63.761,59.462,65.921,80.906,58.05,71.089,98.677,812,243,363,334,2425,957,990,735,480,5.3,4.7
"2002. 03",68.419,68.62,91.351,69.491,64.286,71.033,64.517,78.305,67.202,99.63,64.809,76.29,66.696,67.097,61.448,91.143,74.982,65.989,63.538,65.186,65.613,59.462,60.108,80.906,58.05,71.089,98.677,1923,238,367,336,2633,958,991,740,475,4.9,4.6
"2002. 04",69.228,69.283,91.812,69.624,66.332,73.382,64.69,78.522,67.202,99.63,64.809,76.29,66.696,67.097,61.448,91.143,74.982,65.989,63.538,65.186,65.613,59.462,60.108,82.72,58.05,71.089,98.677,2010,249,373,339,2179,960,993,750,490,4.9,3.5
"2002. 05",70.844,69.55,91.535,70.024,66.392,74.877,64.574,78.883,67.202,99.63,64.809,76.29,66.696,67.097,61.448,91.143,74.982,65.989,63.538,65.186,65.613,60.563,60.108,82.72,61.185,71.089,98.677,1748,248,371,337,2268,961,994,747,495,4.5,4
"2002. 06",69.166,69.682,91.627,70.024,66.392,74.806,65.096,79.317,67.202,99.63,64.809,76.29,66.696,67.097,61.448,91.143,74.982,65.989,63.538,65.186,65.613,60.563,60.108,82.72,61.185,71.089,98.677,1180,238,376,343,2050,962,995,744,489,4,3.1
"2002. 07",67.364,69.416,91.258,70.024,66.392,73.88,64.227,79.895,67.202,99.63,64.809,76.29,66.696,67.097,61.448,91.143,74.982,61.284,63.538,65.186,65.613,60.563,60.108,82.72,60.547,72.472,101.228,631,241,375,343,2115,964,996,749,483,3.5,3.4
"2002. 08",71.092,69.615,91.075,70.024,66.633,73.88,65.096,80.112,67.202,99.63,64.809,76.29,66.696,67.097,61.448,91.726,74.982,61.284,63.538,65.186,65.613,60.563,60.108,82.72,60.547,74.448,101.228,646,237,365,347,2120,965,997,737,480,4.2,3.7
"2002. 09",74.013,69.814,92.364,70.024,66.754,73.525,65.444,80.546,67.202,99.63,64.809,76.29,66.696,67.097,61.448,96.798,74.982,62.475,63.538,65.186,66.971,60.563,60.108,82.72,60.547,74.448,101.228,1002,238,371,350,2126,965,998,739,479,3.4,2.4
"2002. 10",68.543,70.611,92.916,71.225,66.934,76.656,65.618,80.69,67.202,99.63,64.809,76.29,66.696,67.097,61.448,95.967,74.982,63.667,63.538,65.186,66.971,62.766,59.014,82.72,60.547,74.448,103.78,2088,236,371,354,2140,967,998,750,482,3.9,3.2
"2002. 11",68.357,70.744,92.64,71.891,66.934,77.867,64.69,81.051,67.202,99.63,64.809,76.29,66.696,67.097,61.448,95.967,74.982,63.667,63.538,65.186,66.971,62.766,59.014,82.72,60.547,74.448,103.78,2111,239,369,357,1992,967,999,750,481,3.6,2.9
"2002. 12",69.849,70.81,93.284,71.825,66.934,76.585,65.502,81.413,67.202,99.63,64.809,76.29,66.696,67.097,61.448,93.389,74.982,63.667,63.538,65.186,66.971,62.766,59.014,82.72,60.547,74.448,103.78,1718,238,367,358,1961,968,1000,753,479,4,2.9
"2003. 01",71.589,71.142,93.561,71.825,66.995,78.294,65.618,81.484,67.202,99.63,64.809,76.29,66.696,67.097,61.448,93.389,76.555,63.667,64.392,66.567,68.329,62.766,60.587,82.72,60.547,74.448,103.78,885,239,344,345,2484,969,1000,742,465,5.5,4.1
"2003. 02",72.397,71.672,93.652,71.891,68.078,80.784,65.559,81.556,67.202,99.63,64.809,76.29,66.696,67.097,61.448,93.389,76.555,64.608,64.392,66.567,68.329,63.867,60.587,82.72,60.547,75.436,103.78,910,239,340,349,2309,970,1001,740,462,5.2,4.6
"2003. 03",73.889,71.939,93.376,71.624,68.318,82.279,65.85,81.629,71.12,105.201,70.243,85.912,72.494,72.751,68.826,95.967,78.129,64.608,70.421,67.884,68.329,68.272,60.587,82.72,60.547,75.436,103.78,1741,238,350,359,2476,971,1002,753,472,5.1,4
"2003. 04",73.329,71.341,92.64,71.825,68.318,78.435,66.256,81.773,73.106,105.201,70.243,85.912,70.829,72.751,68.826,95.967,78.129,64.608,70.421,67.884,69.625,68.272,60.587,82.72,60.547,75.436,103.78,1750,241,351,359,2429,973,1002,755,474,4.4,4.1
"2003. 05",71.092,71.341,92.64,72.291,68.318,77.937,66.256,82.206,73.106,105.201,70.243,85.912,70.829,72.751,68.826,95.967,78.129,64.608,70.421,67.884,69.625,68.272,60.587,82.72,60.547,75.436,103.78,1750,236,352,360,2388,974,1003,755,477,4.4,3.9
"2003. 06",69.663,71.076,92.824,72.291,68.318,76.87,66.371,82.28,73.106,105.201,70.243,85.912,70.829,71.151,68.826,95.967,81.275,64.608,70.421,67.884,69.625,68.272,60.587,82.72,60.547,75.436,103.78,979,241,348,360,1918,975,1004,754,478,4.5,3.5
"2003. 07",69.849,70.744,90.798,72.291,68.318,77.511,65.734,82.423,73.106,105.201,70.243,85.912,70.829,71.151,68.826,95.967,79.702,64.608,70.421,67.884,68.329,68.272,61.613,82.72,60.547,75.436,103.78,577,245,349,359,2025,976,1005,762,486,4.9,3.5
"2003. 08",71.278,70.876,90.798,72.291,68.318,77.511,66.603,82.784,73.106,105.201,70.243,85.912,70.829,71.151,68.826,95.967,79.702,64.608,70.421,67.884,68.329,68.272,61.613,82.72,62.461,75.436,103.78,706,235,340,350,2099,976,1005,748,466,4.3,4.1
"2003. 09",76.499,70.942,91.075,72.225,68.318,77.511,66.893,82.929,73.106,105.201,70.243,85.912,70.829,71.151,68.826,97.131,79.702,64.608,70.421,67.884,68.329,68.272,61.613,82.72,62.461,75.436,103.78,949,241,343,358,2234,977,1006,749,478,4.4,3.4
"2003. 10",78.238,70.876,90.798,72.025,68.318,77.582,66.951,83.002,73.106,105.201,70.243,85.912,70.829,71.151,68.826,97.131,79.702,64.608,70.421,69.201,66.971,68.272,61.613,82.72,62.461,75.436,103.78,2084,241,343,360,2322,977,1006,751,476,4.6,3.2
"2003. 11",75.629,70.942,91.075,72.025,68.68,79.29,64.574,83.073,73.106,105.201,70.243,85.912,70.829,71.151,68.826,97.131,79.702,64.608,70.421,69.201,66.971,68.272,61.613,82.72,62.461,75.436,103.78,1863,245,343,361,2163,978,1007,747,484,4.2,3.5
"2003. 12",75.69,71.739,91.258,72.025,70.546,80.643,66.893,83.073,73.106,105.201,70.243,85.912,70.829,71.151,68.826,97.131,79.702,64.608,70.421,69.201,66.971,68.272,61.613,89.071,63.739,75.436,103.78,1526,242,341,359,1985,978,1007,745,481,5.2,3.9
"2004. 01",77.617,72.138,91.627,71.958,70.607,82.563,66.198,83.073,73.106,105.201,70.243,85.912,70.829,71.151,68.826,97.131,79.702,64.608,70.819,69.201,66.971,68.272,63.665,89.071,63.739,75.436,98.314,835,246,338,350,2402,980,1008,742,473,5,3.6
"2004. 02",77.99,72.336,91.258,72.225,70.305,83.703,66.835,82.929,73.106,105.201,70.243,85.912,70.829,71.151,68.826,97.131,81.275,64.608,70.819,69.201,66.971,68.272,65.785,89.071,63.739,75.436,96.582,1201,241,341,353,2192,980,1008,740,480,5.5,4.5
"2004. 03",80.538,72.734,92.364,72.025,70.365,84.415,67.299,82.713,82.431,110.132,75.676,92.161,76.913,74.806,73.282,101.787,81.275,66.114,72.753,71.334,70.119,69.153,65.785,89.071,63.739,76.424,98.769,1448,243,341,362,2435,981,1009,749,495,5.2,5.3
"2004. 04",80.041,72.802,92.364,72.092,70.486,83.917,66.951,82.784,82.431,110.132,75.676,92.161,76.913,74.806,73.282,101.787,83.746,66.114,72.753,71.334,70.119,69.153,65.785,89.071,63.739,76.424,98.769,1259,246,346,369,2053,981,1009,754,500,4.5,4.4
"2004. 05",78.114,73,92.18,71.558,70.486,84.913,67.241,82.784,82.431,110.132,75.676,92.161,76.913,74.806,73.282,101.787,83.746,66.114,72.753,71.334,70.119,69.153,64.143,89.071,63.739,76.424,98.769,2047,246,346,364,2083,982,1010,751,493,4.2,4.5
"2004. 06",77.12,73.199,92.088,71.558,70.486,84.628,67.994,82.857,82.431,110.132,75.676,92.161,76.913,74.806,73.282,101.787,83.746,66.114,72.753,71.334,70.119,69.153,64.143,89.071,63.739,76.424,101.32,1008,247,347,359,1935,983,1011,749,491,4.2,3.6
"2004. 07",79.606,73.199,91.627,71.358,70.486,85.482,67.762,82.784,82.431,110.132,75.676,92.161,75.535,74.806,73.282,101.787,83.746,66.114,72.753,71.334,70.119,69.153,64.143,89.071,63.739,77.017,101.32,668,247,344,358,2048,984,1011,754,489,5,3.5
"2004. 08",82.651,73.73,91.812,71.358,70.667,87.689,68.169,82.713,82.431,110.132,75.676,92.161,75.535,74.806,73.282,101.787,83.746,66.114,72.753,71.334,70.119,69.153,64.143,89.071,63.739,77.017,101.32,663,244,340,348,2003,985,1012,741,481,4.7,4.6
"2004. 09",82.899,73.664,91.719,71.091,70.667,87.547,67.53,82.784,82.431,110.132,75.676,92.161,75.535,74.806,73.282,101.787,83.746,66.114,73.663,71.334,70.119,69.153,64.143,89.071,63.739,77.017,101.32,916,240,347,358,2024,986,1014,743,490,4.4,3.6
"2004. 10",80.786,74.194,91.535,71.225,70.667,88.97,67.415,82.64,82.431,110.132,75.676,92.161,75.535,74.806,73.282,101.787,83.746,66.114,73.663,71.334,70.119,69.153,64.143,89.071,65.771,77.017,101.32,2207,238,346,359,2143,987,1015,753,487,4.8,3.6
"2004. 11",76.933,73.863,91.535,71.691,70.667,88.045,66.082,82.64,82.431,110.132,75.676,92.161,75.535,74.806,73.282,101.787,83.746,66.114,73.663,71.334,70.119,69.153,64.143,89.071,65.771,77.017,101.32,1922,240,343,363,1935,987,1016,760,491,5,3.4
"2004. 12",76.685,73.796,91.719,71.425,70.667,85.696,68.169,82.28,82.431,110.132,75.676,92.161,75.535,74.806,73.282,101.787,82.772,66.114,73.663,71.334,70.119,69.153,64.143,89.071,65.771,77.017,93.575,1726,238,341,369,1839,988,1017,756,495,5.3,4.2
"2005. 01",79.038,74.955,92.625,71.305,71.349,85.884,72.656,82.122,82.404,109.197,75.625,92.207,75.541,75.605,72.519,101.813,82.784,66.131,74.103,71.294,70.116,70.694,64.146,90.357,68.814,77.026,93.542,1118,229,345,358,2168,989,1018,750,482,5.9,4.2
"2005. 02",81.177,75.183,92.443,71.377,71.708,86.62,72.801,82.122,82.404,109.197,75.625,92.207,75.541,75.605,72.519,101.813,81.941,66.131,74.103,71.294,70.116,70.694,64.146,90.357,68.814,77.026,93.542,901,235,337,351,1792,990,1019,739,474,5.5,4.6
"2005. 03",81.335,75.563,92.17,71.449,71.78,89.016,72.801,81.959,89.278,112.442,80.992,93.727,80.397,79.385,77.098,106.792,82.953,66.131,76.462,72.158,70.116,71.479,64.869,90.357,68.814,77.026,99.753,1565,230,343,358,2100,991,1020,751,478,5.1,4.6
"2005. 04",81.731,75.714,91.804,71.377,71.924,90.859,72.365,81.959,89.278,112.442,80.992,93.727,80.397,79.385,77.098,106.792,82.953,66.131,76.462,72.158,70.116,71.479,66.25,90.357,70.286,77.026,99.753,1757,235,340,368,1839,992,1021,760,483,4.9,4.6
"2005. 05",79.355,75.791,91.804,71.809,71.924,89.754,72.874,81.877,89.278,112.442,80.992,93.727,80.397,79.385,77.098,106.792,82.953,66.131,76.462,72.158,70.116,71.479,66.25,90.357,71.828,77.026,93.542,1857,236,343,368,1819,993,1022,767,489,4.8,3.4
"2005. 06",77.612,75.563,90.528,71.809,71.924,90.214,72.874,81.713,89.278,112.442,80.992,93.727,80.397,79.385,77.098,106.792,82.953,66.131,76.462,72.158,70.116,71.479,66.25,90.357,71.828,77.026,93.542,1196,235,348,370,1813,994,1023,772,491,4.9,3.7
"2005. 07",78.959,75.791,89.981,71.809,71.924,93.162,72.147,81.713,89.278,112.442,80.992,93.727,80.397,79.385,77.098,106.792,86.072,66.131,76.462,72.158,69.276,71.479,66.25,90.357,71.828,77.8,93.542,607,231,342,373,1803,995,1025,772,483,4.9,3.7
"2005. 08",79.355,76.094,90.255,71.737,71.636,94.821,72.728,81.549,89.278,112.442,80.992,93.727,80.397,79.385,77.098,106.792,86.072,66.131,76.462,72.158,70.116,71.479,66.25,90.357,71.828,77.8,93.542,735,226,340,375,1995,997,1026,767,481,4.8,3.5
"2005. 09",81.652,76.549,90.528,71.737,71.708,97.31,73.02,81.386,89.278,112.442,80.992,98.19,80.397,79.385,77.098,106.792,86.072,66.131,76.462,72.158,70.116,71.479,66.25,90.357,69.235,77.8,93.542,938,226,344,375,1971,999,1028,766,486,4.5,3.9
"2005. 10",79.276,76.702,90.619,72.527,71.78,96.941,72.437,81.468,89.278,112.442,80.992,98.19,80.397,79.385,77.098,106.792,86.072,67.259,76.462,72.158,70.116,71.479,66.25,90.357,69.235,77.8,93.542,2373,229,345,375,1925,1001,1029,768,490,4.2,3.9
"2005. 11",73.732,76.626,90.255,72.743,71.78,95.651,73.02,81.468,89.278,112.442,80.992,98.19,80.397,79.385,77.098,106.792,86.072,67.259,76.462,72.158,70.116,71.479,66.25,90.357,69.235,77.8,90.531,1896,231,346,377,1965,1003,1031,777,486,4.5,3.3
"2005. 12",77.296,76.777,91.076,72.743,71.78,95.651,73.02,81.468,89.278,112.442,80.992,98.19,80.397,79.385,77.098,106.792,84.892,67.259,76.462,72.158,70.116,71.479,66.25,90.357,69.235,77.8,90.531,1572,225,348,367,1836,1005,1033,763,487,5.3,3.9
"2006. 01",79.355,76.853,90.802,72.815,71.851,96.573,72.801,81.468,89.278,112.442,80.992,98.19,80.397,79.385,77.098,106.792,86.999,67.259,78.592,73.022,70.116,72.977,66.25,90.357,69.235,78.574,90.531,1004,227,344,363,2149,1001,1034,759,478,5.5,3.6
"2006. 02",77.533,77.005,90.346,73.03,72.713,97.125,73.31,81.223,89.278,112.442,80.992,98.19,80.397,79.385,77.098,106.792,91.636,68.388,78.592,73.022,70.116,73.762,66.25,90.357,69.235,78.574,90.531,1039,231,341,374,1939,1003,1036,761,493,5.8,3.9
"2006. 03",79.434,77.157,90.346,72.959,73,97.586,73.31,81.141,97.562,115.909,86.84,103.224,86.447,83.796,81.526,110.713,91.636,68.986,79.885,73.886,72.778,74.475,66.974,90.357,70.776,76.251,93.542,1583,229,342,378,2026,1005,1037,766,498,5.5,4.1
"2006. 04",79.038,77.537,90.711,72.959,72.856,99.06,73.02,81.141,97.562,115.909,86.84,103.224,86.447,83.796,81.526,110.713,93.322,68.986,79.885,73.886,72.778,74.475,66.974,90.357,70.776,79.426,93.542,1756,231,354,382,2026,1007,1039,782,503,4.7,4.2
"2006. 05",77.533,78.069,91.531,74.037,72.856,99.889,73.237,81.06,97.562,115.909,86.84,103.224,86.447,83.796,81.526,110.713,95.261,68.986,79.885,73.886,72.778,74.475,66.974,90.357,70.776,79.426,93.542,1863,234,351,385,1976,1009,1040,783,506,4.9,2.8
"2006. 06",76.108,77.841,89.891,74.109,72.856,99.889,73.529,80.978,97.562,115.909,86.84,103.224,86.447,83.796,81.526,110.713,95.261,68.986,79.885,73.886,72.778,74.475,66.974,90.357,70.776,79.426,93.542,1256,236,351,391,1839,1012,1042,784,515,4.4,3.1
"2006. 07",76.979,77.992,89.981,74.037,72.856,100.535,73.165,80.896,97.562,115.909,86.84,103.224,86.447,83.796,81.526,110.713,95.261,68.986,79.885,73.886,72.778,74.475,66.974,90.357,70.776,79.426,87.426,671,237,347,381,1956,1014,1044,787,508,5.1,3.1
"2006. 08",81.652,78.069,90.072,74.109,74.867,100.443,73.383,81.06,97.562,115.909,86.84,103.224,86.208,83.796,81.221,110.713,95.261,68.986,79.885,73.886,72.778,74.475,66.974,90.357,70.776,80.974,87.426,767,235,343,377,1983,1017,1046,780,497,4.5,3.5
"2006. 09",81.81,77.917,89.708,74.037,74.867,98.599,73.892,81.468,97.562,115.909,86.84,103.508,86.129,83.796,81.221,110.713,95.261,68.986,79.885,74.75,72.778,74.475,66.974,90.357,70.776,80.974,87.426,1144,232,350,379,2005,1019,1048,778,504,4.3,4
"2006. 10",78.087,77.309,89.343,74.612,74.867,94.729,73.601,81.631,97.562,115.909,86.84,103.508,86.129,83.796,81.221,110.713,94.333,68.986,79.885,74.75,72.778,74.475,66.974,90.357,70.776,80.974,87.426,2167,232,348,387,2012,1021,1050,784,509,4.6,3.6
"2006. 11",74.841,77.157,89.525,75.115,74.867,92.886,73.746,81.713,97.562,115.909,86.84,103.508,86.129,83.796,81.221,110.713,94.333,68.986,79.885,74.75,72.778,74.475,66.974,90.357,70.776,80.974,87.426,2187,234,347,391,1979,1023,1052,784,511,4.8,2.7
"2006. 12",77.137,77.234,89.708,75.115,75.799,92.886,73.674,81.794,97.562,115.909,86.84,103.508,86.129,83.796,81.221,110.713,94.333,68.986,79.885,74.75,72.778,74.475,66.974,90.357,70.776,80.974,87.426,1824,229,343,386,1821,1025,1054,775,504,5.3,3.2
"2007. 01",77.375,77.157,89.343,75.115,75.943,92.609,73.82,82.122,97.562,115.909,86.84,103.508,86.129,83.796,81.221,110.713,94.333,68.986,79.885,76.479,72.778,74.475,66.974,90.357,70.776,84.225,87.426,1421,224,347,380,2283,1028,1056,764,500,4.9,4.1
"2007. 02",80.622,77.309,89.343,75.331,76.23,92.886,74.11,82.285,97.562,115.909,86.84,103.508,86.129,83.796,81.221,110.713,94.333,68.986,79.885,76.479,72.778,74.475,66.974,97.857,70.776,84.225,87.426,896,224,351,385,2094,1030,1058,767,506,5.2,3.7
"2007. 03",78.008,77.689,89.07,75.259,76.302,95.374,73.965,82.367,107.697,119.49,93.489,111.865,92.894,91.829,87.098,118.87,94.333,71.243,81.178,77.343,77.121,76.044,66.974,97.857,70.776,85.774,87.426,1765,226,354,398,2312,1033,1060,785,511,4.5,3.9
"2007. 04",77.85,78.524,89.525,75.259,76.302,98.968,74.401,82.367,107.697,119.49,93.489,111.865,92.894,91.829,87.098,118.87,94.333,71.243,81.178,77.343,77.121,77.543,66.974,97.857,70.776,85.774,87.426,1605,225,354,399,2183,1035,1062,789,519,4.1,3.8
"2007. 05",76.662,78.828,88.796,75.977,76.302,100.351,74.329,82.612,107.697,119.49,93.489,111.865,92.894,91.829,87.098,118.87,94.333,71.243,81.178,77.343,77.121,77.543,66.974,97.857,70.776,85.774,90.719,2026,232,351,400,2079,1037,1064,799,516,3.9,3.7
"2007. 06",76.267,78.98,88.523,75.977,76.445,100.904,74.619,82.694,107.697,119.49,93.489,111.865,92.576,91.829,86.793,118.87,94.333,71.243,81.178,77.343,77.121,77.543,66.974,97.857,70.776,85.774,90.719,1233,236,354,400,2000,1040,1066,807,522,4,3.9
"2007. 07",76.267,79.284,89.253,76.121,76.302,101.641,74.838,82.857,107.697,119.49,93.489,111.865,92.576,91.829,86.793,118.87,94.333,71.243,81.178,77.343,77.121,77.543,66.974,97.857,70.776,86.548,90.719,778,245,353,402,2188,1043,1068,813,530,3.6,4.5
"2007. 08",76.9,79.208,89.434,76.049,76.302,100.535,74.983,82.939,107.697,119.49,93.489,111.865,92.576,91.829,86.793,118.87,94.333,71.243,81.178,77.343,77.121,77.543,66.974,97.857,70.776,86.548,90.719,657,236,349,397,2358,1045,1070,800,521,3.7,4.3
"2007. 09",81.018,79.512,89.799,76.049,76.158,101.548,74.838,83.184,107.697,119.49,93.169,111.39,92.576,91.829,86.793,118.87,94.333,72.372,81.178,77.343,77.121,77.543,66.974,97.857,70.776,86.548,90.719,1228,236,354,398,2390,1048,1073,804,533,4.1,3.6
"2007. 10",80.701,79.739,90.072,76.265,76.158,102.377,75.056,83.429,107.697,119.49,93.169,111.39,92.576,91.829,86.793,118.87,94.333,72.372,81.178,78.279,77.121,77.543,66.974,97.857,70.776,86.548,90.719,2269,235,355,403,2488,1050,1075,808,540,4.3,3.2
"2007. 11",77.929,80.499,90.619,76.768,76.23,106.248,75.056,83.756,107.697,119.49,93.169,111.39,92.576,91.829,86.793,118.87,94.333,72.372,81.178,78.279,77.121,77.543,66.974,97.857,70.776,86.548,90.719,2289,231,362,397,2254,1053,1077,802,542,4,2.9
"2007. 12",77.771,81.031,90.619,76.912,76.445,108.92,75.274,83.919,107.697,119.49,93.169,111.39,92.576,91.829,86.793,118.87,94.333,72.372,81.178,78.279,77.121,77.543,66.974,97.857,70.776,86.548,90.719,2060,235,352,397,2083,1055,1080,804,536,4.7,3.4
"2008. 01",78.325,81.714,92.17,76.912,77.163,111.409,74.983,84.083,107.697,119.49,93.169,111.39,92.576,91.829,86.793,118.87,94.333,74.63,81.178,78.279,78.872,80.61,66.974,97.857,71.337,86.548,90.719,1417,235,343,396,2417,1058,1082,798,520,4.8,3.6
"2008. 02",79.672,81.714,92.261,76.84,78.097,110.764,74.765,84.164,107.697,119.49,93.169,111.39,92.576,91.829,86.793,118.87,94.333,74.63,81.178,79.143,78.872,80.61,71.251,97.857,71.337,86.548,90.719,1105,235,337,391,2074,1060,1084,800,516,4.9,4.1
"2008. 03",78.167,82.853,93.355,76.84,79.173,113.067,75.274,84.328,121.181,122.399,100.538,121.362,99.581,100.178,92.9,132.325,94.333,79.808,84.145,79.143,80.623,80.61,71.974,97.857,78.415,86.548,91.66,1868,234,340,390,2328,1063,1086,811,518,4.8,4
"2008. 04",79.672,83.688,92.989,76.912,79.603,116.016,75.056,84.492,121.181,122.399,100.538,121.362,99.581,100.178,92.9,132.325,94.333,79.808,84.145,80.008,80.623,80.61,71.974,97.857,78.905,86.548,91.66,1829,238,337,392,2149,1065,1089,813,530,3.9,3.8
"2008. 05",79.434,85.435,93.628,77.774,79.603,123.94,76.074,84.737,121.181,122.399,100.538,121.362,99.502,100.178,92.9,132.325,94.333,79.808,84.145,80.008,80.623,80.61,71.974,97.857,81.428,86.548,91.66,1941,241,337,394,2086,1067,1091,813,532,4.1,3.2
"2008. 06",78.405,87.03,94.084,77.99,79.532,132.787,76.074,84.9,121.181,122.399,100.538,121.362,99.342,100.178,92.595,132.325,94.333,79.808,84.145,80.008,80.623,79.04,71.974,97.857,84.021,86.548,91.66,1381,231,339,395,1884,1070,1093,803,537,4.1,3.6
"2008. 07",79.434,88.093,95.816,77.99,79.819,135.366,76.583,85.227,121.181,122.399,100.538,119.842,99.262,98.13,92.595,132.325,94.333,79.808,84.145,80.008,80.623,79.04,71.974,97.857,84.021,86.548,91.66,869,237,337,394,2091,1072,1095,808,541,4.3,3.3
"2008. 08",81.573,86.726,94.357,77.99,79.819,126.244,77.092,85.227,121.181,122.399,100.538,119.842,99.262,98.13,92.595,132.325,94.333,79.808,84.145,80.008,80.623,79.04,71.974,97.857,84.021,86.548,93.448,903,232,334,384,2017,1073,1096,797,528,4.3,3.1
"2008. 09",81.256,86.954,96.455,78.062,79.819,121.545,77.528,85.308,121.181,122.399,100.459,119.842,99.262,98.13,92.595,132.325,94.333,79.808,84.145,80.008,80.623,80.61,71.974,97.857,84.021,87.709,93.448,1154,231,336,385,2181,1074,1097,793,534,3.8,3.2
"2008. 10",78.643,86.878,97.366,78.134,79.747,119.057,77.747,85.553,121.181,122.399,100.459,119.842,99.262,98.13,92.595,132.325,94.333,79.808,84.145,80.008,80.623,80.61,71.974,97.857,84.021,87.709,93.448,2160,228,342,393,2187,1075,1098,802,547,3.6,3.7
"2008. 11",78.325,85.511,97.001,79.068,81.111,107.723,77.965,85.717,121.181,122.399,100.459,119.842,99.262,98.13,92.595,132.325,94.333,79.808,84.145,80.008,81.464,80.61,71.974,97.857,84.021,87.709,93.448,1826,229,339,394,2001,1077,1100,808,541,3.8,3.2
"2008. 12",80.068,84.828,99.554,79.931,80.896,98.968,77.892,85.881,121.181,122.399,100.459,119.842,99.262,98.13,92.595,132.325,94.333,79.808,84.145,80.008,81.464,80.61,71.974,97.857,84.021,87.709,93.448,1655,224,333,391,1950,1078,1101,798,519,4.1,3.6
"2009. 01",83.711,84.371,99.006,79.931,81.757,95.835,77.747,86.126,121.181,122.399,100.459,119.842,99.262,98.13,92.595,132.325,94.333,79.808,84.145,80.008,81.464,80.61,71.974,97.857,84.021,87.709,93.448,1016,223,325,390,2434,1080,1102,783,518,4.3,3.9
"2009. 02",83.632,85.739,101.104,80.003,81.972,101.272,78.183,86.126,121.181,122.399,100.459,119.842,99.262,98.13,92.595,132.325,94.333,79.808,84.145,80.008,81.464,80.61,71.974,97.857,86.683,87.709,92.507,1090,231,321,389,2020,1081,1103,790,518,5,3.9
"2009. 03",85.691,86.346,101.468,80.074,82.547,102.838,78.328,86.371,129.553,122.399,104.544,121.741,99.581,98.917,93.358,144.192,96.188,79.808,88.939,80.008,85.037,80.61,73.356,97.857,86.683,87.709,92.507,1536,230,324,394,2257,1082,1104,797,531,5.3,4.4
"2009. 04",87.829,86.27,99.645,80.146,82.619,104.497,77.819,86.452,129.553,122.399,104.544,121.741,99.581,98.917,93.358,144.192,96.188,79.808,88.939,80.008,85.037,80.61,73.356,97.857,87.454,87.709,92.507,1440,233,332,396,2092,1083,1106,811,547,4.5,4.1
"2009. 05",85.929,86.346,99.098,82.015,82.619,102.285,78.619,86.452,129.553,122.399,104.544,121.741,99.581,98.917,93.358,144.192,96.188,79.808,88.939,80.008,85.037,80.61,73.356,97.857,87.454,87.709,92.507,1770,231,333,395,2012,1084,1107,819,552,5.8,4.1
"2009. 06",81.889,87.182,99.827,82.518,82.834,105.695,79.711,86.534,129.553,122.399,104.544,121.741,99.581,98.917,93.358,144.192,96.188,81.867,88.939,80.008,85.037,80.61,73.356,97.857,87.454,87.709,92.507,1195,240,335,403,1825,1085,1108,829,573,5.3,4
"2009. 07",83.315,87.485,100.374,82.662,82.762,106.708,79.42,86.616,129.553,122.399,104.544,121.741,99.581,98.917,93.358,144.192,96.188,81.867,88.939,80.008,85.037,80.61,73.356,97.857,89.697,87.709,92.507,760,246,335,400,1903,1087,1109,833,570,5.2,3.6
"2009. 08",84.265,87.713,99.919,82.734,82.69,109.473,79.056,86.697,129.553,122.399,104.544,121.741,99.581,98.917,93.358,144.192,96.188,81.867,88.939,80.008,85.037,80.61,73.356,97.857,89.697,87.709,92.507,881,237,332,392,1966,1088,1111,822,552,5,3.3
"2009. 09",82.839,87.865,100.557,82.806,82.69,110.118,78.983,86.779,129.553,122.399,104.304,121.741,100.138,98.917,93.358,144.192,96.188,81.867,88.939,80.008,85.037,80.61,73.356,97.857,89.697,87.709,92.507,1321,233,334,396,2044,1090,1112,812,562,4.9,3.2
"2009. 10",82.681,87.485,100.739,82.878,82.69,106.616,79.056,86.779,129.553,122.399,104.304,121.741,100.138,98.917,93.358,144.192,96.188,81.867,88.939,80.8,85.037,80.61,73.356,97.857,89.697,87.709,92.507,1902,235,338,393,2040,1091,1114,818,557,4.9,3.1
"2009. 11",79.988,88.473,101.559,84.316,82.762,110.118,79.492,87.024,129.553,122.399,104.304,121.741,100.138,98.917,93.358,144.192,94.333,81.867,88.939,82.456,85.037,80.61,73.356,97.857,89.697,87.709,92.507,1995,233,337,395,1912,1093,1115,824,566,5.3,4.2
"2009. 12",82.998,88.473,101.742,84.316,82.834,110.026,79.347,87.27,129.553,122.399,104.304,121.741,100.138,98.917,93.358,144.192,94.333,81.867,88.939,82.456,85.037,80.61,73.356,97.857,89.697,87.709,92.507,1611,235,340,391,1874,1094,1117,814,547,4.3,4.9
"2010. 01",84.504,89.143,103.326,84.308,83.414,112.48,78.589,87.402,129.581,122.399,104.367,121.665,100.118,98.92,93.397,143.593,94.289,86.116,90.714,84.102,84.991,82.111,73.293,97.857,89.535,87.842,92.507,1246,229,335,392,2352,1097,1119,815,552,5.6,7.1
"2010. 02",86.714,89.054,102.916,83.8,83.414,112.365,78.825,87.402,129.581,122.399,104.367,121.665,100.118,98.92,93.397,143.593,94.289,86.116,90.714,84.102,85.852,82.111,73.293,97.857,89.716,89.001,92.507,913,229,333,390,2034,1099,1120,819,549,6.1,6.8
"2010. 03",87.818,89.143,102.505,83.885,84.604,114.205,78.51,87.402,140.091,122.399,105.101,123.015,101.128,100.728,95.297,157.735,94.289,86.116,90.714,82.043,85.852,83.651,73.293,97.857,89.806,89.001,92.507,1674,227,333,391,2215,1100,1122,822,554,5.5,5.4
"2010. 04",91.04,89.502,102.813,83.8,84.604,116.16,78.51,87.578,140.091,122.399,105.101,123.015,101.128,100.728,95.297,157.735,94.289,86.116,90.714,82.043,85.852,85.19,75.797,97.857,89.987,88.912,92.507,1621,235,332,393,2100,1101,1123,833,566,5.1,4.3
"2010. 05",89.936,89.681,102.711,83.969,84.604,116.275,79.22,87.755,140.091,122.399,105.101,123.015,101.128,100.728,95.297,157.735,94.289,86.116,90.714,82.043,85.852,86.644,75.797,97.857,89.987,89.447,92.507,1875,237,333,397,2095,1103,1125,840,568,4.4,3.5
"2010. 06",88.095,89.771,102.505,84.561,84.604,115.125,79.299,87.931,140.091,122.399,105.101,123.015,101.128,100.728,95.297,157.735,94.289,86.116,90.714,82.043,85.852,86.644,77.011,97.857,89.987,89.447,92.507,1224,237,334,395,1980,1104,1126,834,572,4.5,4
"2010. 07",89.383,89.861,102.403,84.561,85.369,115.7,78.983,88.196,140.091,122.399,105.101,123.015,101.128,100.728,95.297,157.735,94.289,86.116,90.714,82.043,85.852,86.644,77.011,97.857,90.077,89.447,92.507,953,237,343,394,2034,1106,1128,854,583,4.9,4.5
"2010. 08",92.329,89.861,102.608,84.73,85.624,115.24,78.904,88.549,140.091,122.399,105.101,123.015,101.128,100.728,95.297,157.735,95.243,86.116,90.714,82.043,85.852,86.644,77.011,97.857,90.077,89.447,92.507,1014,224,338,393,2153,1108,1130,828,570,4.4,4
"2010. 09",102.087,89.681,102.403,84.73,86.305,113.515,78.983,88.637,140.091,122.399,104.891,123.015,101.33,100.728,95.297,157.735,97.149,86.116,90.714,82.043,85.852,86.644,77.011,97.857,90.077,89.447,92.507,1131,226,336,396,2266,1110,1131,846,560,4.9,4.8
"2010. 10",102.455,89.95,102.403,84.815,86.305,114.32,79.457,88.901,140.091,122.399,104.891,123.015,101.33,100.728,95.297,157.735,97.149,86.116,90.714,82.043,85.852,86.644,77.011,97.857,90.077,89.447,92.507,2082,225,335,396,2365,1111,1133,854,566,5,5.5
"2010. 11",95.735,89.771,102.3,85.745,85.794,115.355,77.563,89.166,140.091,122.399,104.891,123.015,101.33,100.728,95.297,157.735,97.149,86.116,90.714,82.043,87.66,86.644,77.011,97.857,90.98,89.447,92.507,1916,232,337,402,2279,1113,1135,854,570,4.8,4
"2010. 12",94.354,90.758,102.198,85.745,85.794,119.38,80.167,89.43,140.091,122.399,104.891,123.015,101.33,100.728,95.297,157.735,97.149,86.116,90.714,82.043,87.66,86.644,77.011,97.857,92.785,89.447,92.507,1758,222,341,402,1879,1115,1137,851,569,5.5,5.8
"2011. 01",98.496,91.654,103.224,85.83,85.794,123.98,79.93,89.607,140.091,122.399,104.891,123.015,101.33,100.728,95.297,157.735,97.149,86.116,92.528,82.043,87.66,86.644,77.011,97.857,92.965,90.696,92.507,1246,221,336,396,2590,1117,1139,835,555,5,6.2
"2011. 02",100.338,92.282,103.018,86.422,86.05,125.706,80.561,89.695,140.091,122.399,104.891,123.015,101.33,100.728,95.297,157.735,97.149,86.116,92.528,82.043,88.608,86.644,77.011,97.857,93.055,90.963,92.969,1121,217,338,384,2102,1119,1141,840,553,6.2,5.5
"2011. 03",99.693,93.179,102.916,86.506,88.175,130.766,80.877,89.96,146.453,100,105.626,123.506,103.654,100.728,97.482,164.884,97.149,89.302,92.528,84.432,90.416,88.184,78.225,97.857,93.146,90.963,92.969,1603,213,341,392,2325,1120,1143,861,563,6.3,6.2
"2011. 04",98.036,93.269,102.711,86.506,88.175,131.686,80.246,90.048,146.453,100,105.626,123.506,103.654,100.728,97.482,164.884,97.149,89.302,92.528,84.432,90.416,88.184,78.225,97.857,92.965,90.963,92.969,1656,213,344,399,2299,1122,1144,860,584,4.9,5.7
"2011. 05",95.275,93.896,102.916,87.69,88.175,130.076,81.745,90.665,146.453,100,105.626,123.506,103.654,100.728,97.482,164.884,97.149,89.302,92.528,84.432,90.416,88.184,78.225,97.857,93.055,90.963,92.969,1893,221,344,407,2106,1124,1146,866,596,4.2,4.2
"2011. 06",96.471,94.076,103.018,87.859,88.175,129.156,82.297,90.93,146.453,100,105.626,123.506,103.654,100.728,97.482,164.884,97.149,89.302,92.528,84.432,90.416,88.184,78.225,98.836,93.055,90.963,92.969,1380,218,345,408,1986,1125,1148,865,607,4.4,5
"2011. 07",98.496,94.614,102.711,87.944,88.77,131.686,82.613,91.371,146.453,100,105.626,123.506,103.553,100.728,97.482,164.884,97.149,89.302,92.528,84.432,90.416,88.184,78.225,98.836,93.055,91.498,92.969,900,220,340,414,2135,1127,1150,872,601,5.4,4.5
"2011. 08",103.928,94.704,102.711,87.944,88.77,131.801,82.455,91.459,146.453,100,105.626,123.506,103.553,100.728,97.482,164.884,97.149,89.302,92.528,84.432,90.416,88.184,84.294,98.836,93.055,91.498,92.969,998,220,335,412,2250,1129,1152,863,598,4.3,4
"2011. 09",102.363,94.883,102.608,87.944,88.77,132.031,82.849,91.547,146.453,100,105.206,123.506,103.452,100.728,97.482,164.884,97.149,89.302,92.528,84.432,90.416,88.184,88.012,98.836,93.055,91.498,92.969,1169,216,337,409,2184,1130,1154,858,589,4.4,3.7
"2011. 10",98.036,95.062,102.711,88.028,88.77,133.641,82.06,91.724,146.453,100,105.206,123.506,103.452,100.728,97.482,164.884,97.149,89.302,92.528,84.432,90.416,88.184,88.012,99.618,93.055,91.766,92.969,2257,219,338,417,2141,1132,1156,866,606,3.9,4.3
"2011. 11",96.563,95.69,102.711,90.058,88.77,133.066,82.613,91.988,146.453,100,105.206,123.506,103.452,100.728,97.482,164.884,98.103,89.302,92.528,84.432,90.416,88.184,89.226,99.618,93.055,91.766,92.969,2054,221,339,416,2108,1134,1158,868,607,4.6,3
"2011. 12",99.141,95.6,102.403,90.058,89.196,131.111,82.928,92.253,146.453,100,105.206,123.506,103.452,100.728,97.482,164.884,98.103,90.25,92.528,84.432,90.416,88.184,89.226,99.618,93.236,92.479,95.097,1736,223,338,417,1892,1137,1160,871,602,3.9,3.9
"2012. 01",102.722,95.932,102.988,90.058,89.247,131.801,82.936,92.279,146.494,100,105.217,123.519,103.411,100.728,97.492,164.899,96.215,90.258,92.528,86.046,90.399,89.732,89.226,99.618,93.561,93.398,95.069,1113,214,330,409,2546,1138,1162,856,594,5,5.2
"2012. 02",102.409,96.587,102.516,90.286,90.156,134.699,84.42,92.482,146.494,100,105.217,123.519,103.411,100.728,97.492,164.899,96.215,90.258,92.528,87.652,90.399,91.254,90.448,99.618,93.561,93.398,95.069,1299,212,333,407,2211,1140,1164,855,598,5.1,5.6
"2012. 03",103.863,96.865,102.003,90.455,90.964,137.264,84.42,92.606,123.219,100,101.64,101.162,100.936,100.728,97.197,107.851,96.215,93.264,92.528,89.596,92.999,91.254,90.448,99.618,94.13,94.156,95.069,1839,224,338,419,2492,1142,1166,876,611,4.6,5.1
"2012. 04",101.028,96.578,101.746,90.464,90.964,138.713,83.173,92.808,123.219,100,101.64,101.162,100.936,100.728,97.197,107.851,99.905,93.264,92.528,89.596,92.999,91.254,90.448,99.618,94.13,94.432,95.069,1580,219,341,415,2270,1143,1168,885,624,4.4,5.1
"2012. 05",100.669,97.116,101.941,91.757,91.185,137.816,84.349,92.958,123.219,100,101.64,101.162,100.936,100.728,97.197,107.851,99.905,93.264,92.528,89.596,92.999,91.254,90.448,99.618,94.527,94.432,95.069,1515,215,337,419,2251,1145,1170,882,632,4.4,4.8
"2012. 06",99.868,96.919,101.664,92.476,91.143,134.055,84.585,93.073,123.219,100,101.64,101.162,100.936,100.728,97.197,107.851,99.905,93.264,92.528,89.596,92.999,91.254,91.047,99.618,94.671,94.432,96.781,1625,215,344,417,2236,1146,1172,884,635,4.7,4.2
"2012. 07",99.353,95.986,101.469,92.476,91.355,128.845,83.41,93.188,123.219,100,101.64,101.162,100.936,100.728,97.197,107.851,99.905,94.9,92.528,91.219,93.86,91.254,91.047,99.618,95.104,94.432,96.781,1077,227,339,413,2281,1148,1174,893,628,4.7,4.4
"2012. 08",99.905,96.587,101.305,92.468,91.355,131.744,84.017,93.399,123.219,100,101.64,101.162,100.936,100.728,97.197,107.851,99.905,94.9,92.528,92.85,93.86,91.254,91.047,99.618,95.565,94.432,96.781,960,211,340,410,2385,1150,1176,878,619,4.4,4.6
"2012. 09",105.492,97.313,101.346,92.459,91.432,135.516,84.767,93.54,123.219,100,101.115,101.162,100.936,100.728,97.197,107.851,99.905,94.9,92.528,92.85,93.86,91.254,91.047,99.618,95.565,94.798,96.781,1326,208,344,412,2420,1151,1178,874,622,3.9,4.2
"2012. 10",104.167,97.206,100.997,92.459,91.976,135.102,84.357,93.69,123.219,100,101.115,101.162,100.936,100.728,97.197,107.851,99.905,94.9,92.528,92.85,93.86,91.254,91.047,99.618,95.565,94.798,96.781,2088,215,347,414,2461,1152,1180,879,630,3.9,3.7
"2012. 11",100.816,97.062,101.305,93.745,91.959,131.249,84.775,93.752,123.219,100,101.115,101.162,100.936,100.728,97.197,107.851,99.905,94.9,92.528,92.85,93.86,91.254,91.047,99.618,96.025,94.798,96.781,1984,218,344,410,2227,1154,1182,881,627,4.3,2.9
"2012. 12",102.335,97.116,101.438,93.753,92.138,130.697,84.672,93.831,123.219,100,101.115,101.162,100.936,100.728,97.197,107.851,99.905,94.9,92.528,92.85,93.86,92.777,92.246,99.618,96.025,95.511,96.781,1673,216,340,407,2001,1157,1184,875,617,4.9,4.1
"2013. 01",105.566,97.062,102.177,93.753,92.554,130.398,83.781,93.893,123.219,100,101.115,101.162,100.936,100.728,97.197,107.851,99.905,94.9,94.098,94.506,96.444,92.777,92.246,101.067,96.485,96.626,96.781,1314,207,332,396,2539,1158,1185,870,603,5.9,5.2
"2013. 02",106.818,97.439,101.982,93.778,92.554,131.732,85.059,93.955,123.219,100,101.115,101.162,100.936,100.728,97.197,107.851,99.905,94.9,94.098,94.506,96.444,92.777,93.445,101.067,95.565,97.705,96.781,1036,204,334,389,2182,1160,1187,866,607,6.5,4.8
"2013. 03",103.964,97.699,101.613,93.821,93.311,133.848,84.846,93.981,89.448,100,100.108,100.966,100.219,100.427,97.976,85.099,99.905,94.9,95.812,96.17,98.269,94.291,98.832,101.067,95.565,98.205,96.781,1785,201,344,400,2300,1162,1189,874,621,4.8,3.6
"2013. 04",103.467,97.08,101.182,93.804,93.328,131.376,83.015,94.034,89.448,100,100.108,100.966,100.219,100.427,97.976,85.099,99.905,94.9,95.812,96.17,98.269,94.291,98.832,101.067,95.862,98.205,97.854,1549,204,343,398,2096,1163,1191,881,634,4.6,3.4
"2013. 05",102.234,97.242,100.884,94.717,93.328,127.741,84.325,94.131,90.333,100,100.108,100.966,100.219,100.427,97.976,85.099,99.905,94.9,95.812,96.17,98.269,94.291,98.832,101.067,96.765,98.205,97.854,1692,212,343,399,2045,1165,1193,888,630,4.4,2.9
"2013. 06",100.844,97.412,101.274,95.013,94.45,127.408,84.357,94.308,90.333,100,100.108,100.966,100.219,100.427,97.976,85.099,99.905,95.882,96.511,96.17,98.269,94.291,98.832,101.067,96.765,97.937,97.854,1504,212,344,402,1909,1167,1195,892,632,4.1,2.7
"2013. 07",100.743,97.286,101.336,95.038,94.765,129.225,82.652,94.361,90.333,100,100.108,100.966,100.219,100.427,97.976,85.099,99.905,95.882,96.511,96.17,98.269,94.291,98.832,101.067,97.018,97.937,97.854,1050,209,342,402,2162,1169,1196,890,633,4.3,4.1
"2013. 08",104.802,97.017,101.223,95.013,94.765,130.341,84.001,94.511,90.333,100,100.108,100.966,100.219,100.427,97.976,85.099,99.905,95.882,96.511,96.17,98.269,94.291,98.832,101.067,97.018,97.937,97.854,1001,212,340,405,2203,1170,1198,887,637,4.1,3.8
"2013. 09",104.305,97.968,101.438,95.038,94.765,129.363,84.783,94.722,90.472,100,100.098,100.966,100.219,100.427,97.976,85.099,99.905,95.882,96.511,96.17,98.269,94.291,98.832,101.781,97.117,95.957,97.854,1186,217,346,403,2129,1172,1200,888,639,3.9,2.9
"2013. 10",99.739,98.04,101.962,95.038,94.952,127.684,84.988,95.066,90.472,100,100.098,100.966,100.219,100.427,97.976,85.099,99.905,95.882,96.511,96.17,98.269,94.291,98.832,101.781,97.117,94.807,97.854,2098,206,351,407,2144,1174,1202,895,639,3.7,3.5
"2013. 11",96.462,98.685,101.654,97.973,94.952,126.258,85.95,95.357,90.472,100,100.098,100.966,100.219,100.427,97.976,85.099,99.905,95.882,96.511,96.17,98.269,94.291,98.832,101.781,97.631,94.807,97.854,2000,209,344,407,1972,1175,1203,885,630,3.2,4.3
"2013. 12",96.692,98.515,100.915,97.854,95.326,126.683,85.09,95.595,90.472,100,100.098,100.966,100.219,100.427,97.976,85.099,101.754,95.882,96.511,96.17,98.269,94.291,100,101.781,97.631,94.807,97.854,1795,211,345,402,1879,1177,1205,884,627,3.5,4.2
"2014. 01",99.03,98.614,101.613,97.973,95.326,128.282,84.767,96.001,90.472,100,100.098,100.966,100.219,100.427,97.976,85.099,101.754,98.146,96.511,97.825,98.269,95.822,100,101.781,98.011,96.243,97.854,1209,205,338,400,2362,1179,1207,892,632,5.4,6.6
"2014. 02",100.485,99.071,101.459,97.88,95.335,127.787,85.801,96.001,90.472,100,100.098,100.966,100.219,100.427,97.976,85.099,101.754,98.146,96.511,97.825,98.269,95.822,100,101.781,98.011,96.243,97.854,1212,206,332,404,2192,1180,1209,891,636,5.5,6.5
"2014. 03",99.886,99.286,101.469,97.795,95.853,127.638,86.029,96.177,95.989,100,99.993,100.266,100.017,100.126,99.344,94.548,101.754,98.146,96.511,97.825,98.269,95.822,100,101.781,98.101,96.243,97.854,1716,200,336,407,2219,1182,1210,897,638,4.9,5.6
"2014. 04",98.957,98.963,101.1,97.711,95.768,127.028,85.816,96.424,95.989,100,99.993,100.266,100.017,100.126,99.344,94.548,101.754,98.146,96.511,97.825,98.269,95.822,100,101.781,98.101,96.243,97.854,1640,208,340,407,2246,1184,1212,906,651,4.5,4.3
"2014. 05",99.408,99.394,101.264,98.294,96.338,126.752,86.416,96.654,95.989,100,99.993,100.266,100.017,100.126,99.344,94.548,101.754,98.146,96.511,97.825,98.269,97.344,100,101.781,97.424,96.243,97.854,1748,209,340,407,2118,1185,1214,907,662,4.3,5.4
"2014. 06",98.165,99.349,100.915,98.954,96.338,125.614,86.116,96.715,95.989,100,99.993,100.266,100.017,100.126,99.344,94.548,101.754,98.146,96.901,97.825,98.269,98.858,100,101.781,97.424,97.17,97.854,1414,206,341,409,1955,1187,1216,902,663,4,5
"2014. 07",97.125,99.358,100.648,98.954,97.197,125.211,85.974,96.857,95.989,100,99.993,100.266,100.017,100.126,99.344,94.548,101.754,98.146,96.901,97.825,98.269,98.858,100,101.781,96.72,96.537,97.854,958,211,341,407,2156,1188,1217,904,665,4.6,4
"2014. 08",99.132,99.241,100.546,98.954,97.154,123.98,86.053,97.068,95.989,100,99.993,100.266,100.017,100.126,99.344,94.548,101.754,98.146,96.901,97.825,98.269,98.858,100,101.781,96.72,96.537,97.854,940,211,336,402,2227,1190,1218,893,656,4.1,3.9
"2014. 09",99.785,99.053,100.176,99.063,97.154,121.749,86.953,97.218,95.989,100,99.983,100.266,100.017,100.126,99.344,94.548,101.754,98.146,97.835,97.825,98.269,98.858,100,101.781,96.521,97.571,97.854,1207,215,337,405,2248,1191,1220,895,656,3.7,4
"2014. 10",97.3,98.99,100.227,99.063,97.154,119.518,86.826,97.474,95.989,100,99.983,100.266,100.017,100.126,99.344,94.548,101.754,98.146,97.835,97.825,98.269,98.858,100,99.286,96.63,97.571,97.854,1903,211,336,402,2118,1191,1221,888,648,3.5,4.7
"2014. 11",96.204,98.784,99.766,100.171,96.993,116.091,86.945,97.694,95.989,100,99.983,100.266,100.017,100.126,99.344,94.548,101.754,98.146,97.835,97.825,98.269,98.858,100,99.286,98.751,97.571,97.854,1651,208,338,396,1937,1193,1222,895,645,3.8,5.5
"2014. 12",97.235,98.363,99.54,100.044,99.297,111.605,87.071,97.994,95.989,100,99.983,100.266,100.017,100.126,99.344,94.548,101.754,98.146,97.835,97.825,98.269,98.858,100,99.286,99.843,97.723,97.854,1653,206,339,393,2008,1194,1223,879,631,4.1,5.4
"2015. 01",99.43,100.05,100.61,99.85,99.36,100.97,99.56,98.7,96.07,100,99.98,100.22,100.02,100.12,99.37,94.92,100,98.42,100.48,97.9,100,98.92,100,99.3,98.6,98.62,100,1274,211,345,391,2445,1195,1225,885,638,5.2,5.7
"2015. 02",101.56,99.5,100.66,99.54,99.74,96.5,100,98.91,96.07,100,99.98,100.22,100.02,100.12,99.37,94.92,100,98.42,100.48,97.9,100,98.92,100,99.3,99.34,98.74,100,947,200,347,394,2113,1196,1226,895,638,6.4,6.3
"2015. 03",99.85,100.16,100.44,99.53,99.74,100.83,100.43,99.23,100.79,100,100,99.96,100,99.98,100.12,101.02,100,98.42,100.48,99.46,100,98.92,100,99.3,99.52,98.74,100,1702,201,346,398,2262,1197,1227,902,644,5.7,4.9
"2015. 04",99.34,99.81,99.73,99.61,100.07,100.96,98.96,99.4,100.79,100,100,99.96,100,99.98,100.12,101.02,100,98.42,100.48,99.46,100,100.36,100,99.3,99.52,100.06,100,1483,208,337,403,2201,1199,1229,921,647,6.3,4.2
"2015. 05",101.37,100.34,99.85,99.82,100.07,102.78,99.99,99.71,100.79,100,100,99.96,100,99.98,100.12,101.02,100,98.42,99.76,99.46,100,100.36,100,99.35,100.07,99.47,100,1678,215,334,401,2138,1200,1230,924,662,5.7,5.2
"2015. 06",100.39,100.55,100.05,99.91,100.07,104.58,99.97,100,100.79,100,100,99.96,100,99.98,100.12,101.02,100,101.13,99.76,99.46,100,100.36,100,99.35,100.07,99.94,100,1295,207,335,405,2011,1201,1231,919,665,5.2,5.4
"2015. 07",99.5,100.54,99.97,99.82,100.07,103.92,99.66,100.26,100.79,100,100,99.96,100,99.98,100.12,101.02,100,101.13,99.76,101.06,100,100.36,100,99.35,100.56,99.94,100,964,209,333,402,2194,1202,1232,918,664,4.5,5.9
"2015. 08",101.38,100.42,100.48,99.95,100.12,101.75,100.39,100.49,100.79,100,100,99.96,100,99.98,100.12,101.02,100,101.13,99.76,101.06,100,100.36,100,99.35,101.06,100.37,100,968,213,336,395,2031,1203,1234,918,648,4.9,4.2
"2015. 09",101.28,99.76,99.5,99.93,100.12,99.2,100.16,100.54,100.79,100,100,99.96,100,99.98,100.13,101.02,100,101.13,99.76,101.06,100,100.36,100,101.35,99.65,101.02,100,1282,218,334,400,2131,1205,1235,921,662,5.3,4
"2015. 10",99.33,99.68,99.46,99.92,100.12,97.9,100.01,100.75,100.79,100,100,99.96,100,99.98,100.13,101.02,100,101.13,99.76,101.06,100,100.36,100,101.35,100.84,101.02,100,1968,216,336,402,2118,1206,1236,919,662,4.8,4.4
"2015. 11",96.76,99.67,99.6,101.11,100.12,96.11,100.21,100.93,100.79,100,100,99.96,100,99.98,100.13,101.02,100,101.13,99.76,101.06,100,100.36,100,101.35,101.29,101.02,100,1792,223,341,403,1936,1207,1238,917,670,4.5,4
"2015. 12",99.82,99.52,99.66,101.01,100.39,94.49,100.68,101.09,100.79,100,100,99.96,100,99.98,100.13,101.02,100,101.13,99.76,101.06,100,100.36,100,101.35,99.47,101.02,100,1765,223,346,402,1911,1208,1239,908,654,4.2,3.5
"2016. 01",101.58,99.06,100.4,100.97,100.39,91.16,99.68,101.26,100.79,100,100,99.96,100,99.98,100.13,101.02,100,101.13,102.45,102.53,100,103.32,100,101.35,98.11,101.44,101.79,1178,220,345,408,2285,1207,1240,914,653,4.4,4.6
"2016. 02",105.76,98.82,99.54,101,100.44,88.28,101.15,101.43,100.79,100,100,99.96,100,99.98,100.13,101.02,100,101.13,102.45,102.53,100,103.32,98.44,101.35,99.36,101.44,101.79,996,213,340,403,2014,1209,1242,925,660,7,5.6
"2016. 03",102.86,98.85,99.69,101.15,100.44,87.47,101.22,101.58,98.27,100,99.99,99.67,100.03,99.81,100.66,105.04,100,102.8,102.45,104.18,102.47,104.82,98.44,101.66,100.92,101.44,101.79,1504,223,336,405,2148,1210,1243,929,660,5.9,4.7
"2016. 04",102.58,99.33,100.95,101.15,100.62,88.17,101.41,101.66,98.27,100,99.99,99.67,100.03,99.81,100.66,105.04,100,102.8,102.45,104.18,102.47,106.5,98.44,101.66,100.92,101.44,101.79,1484,228,337,408,2101,1211,1244,926,679,5.6,4.6
"2016. 05",100.54,99.55,100.87,101.67,100.62,90.07,101.41,101.86,98.27,100,99.99,99.67,100.03,99.81,100.66,105.04,100,102.8,102.45,104.18,102.47,106.5,98.44,101.66,100.92,101.44,101.79,1519,233,340,406,1974,1213,1246,935,682,5.6,3.8
"2016. 06",98.62,100.08,101,101.66,100.62,94.6,101.48,102.05,98.27,100,99.99,99.67,100.03,99.81,100.66,105.04,100,103.58,102.45,104.18,102.47,106.5,98.44,101.66,101.59,101.44,101.79,1292,226,340,408,1889,1214,1247,943,674,6.3,4.3
"2016. 07",98.97,99.92,101.53,101.64,100.48,94.81,100.95,102.18,98.27,100,99.99,99.67,100.03,99.81,100.66,105.04,100,103.58,102.45,104.18,102.47,106.5,98.44,101.66,99.28,101.44,101.79,983,235,342,406,2024,1215,1248,948,681,5.8,3.7
"2016. 08",101.07,99.82,101.7,101.64,100.48,93.25,100.84,102.24,98.27,100,99.99,99.67,100.03,99.81,100.66,105.49,100,103.58,102.45,104.18,102.47,106.5,98.44,101.66,101.74,101.44,101.79,952,226,338,408,1956,1216,1249,932,673,4.3,4.5
"2016. 09",108.73,99.87,101.83,101.66,100.48,92.62,101.2,102.37,98.27,100,100.03,99.67,100.02,99.81,100.97,105.49,99.1,103.58,102.45,104.18,102.47,106.5,98.44,101.66,102.46,101.44,101.79,1077,223,340,400,2050,1217,1250,935,663,4.9,4.5
"2016. 10",105.67,100,101.62,101.89,100.48,92.83,100.86,102.64,98.27,100,100.03,99.67,100.02,99.81,100.97,105.49,99.1,103.58,102.45,104.18,102.47,106.5,98.44,101.66,102.07,101.44,101.79,1868,228,341,395,1780,1218,1251,938,660,4.2,4.7
"2016. 11",104.58,100.04,100.29,102.46,101.02,93.83,100.98,102.8,98.27,100,100.03,99.67,100.02,99.81,100.97,105.49,99.1,103.58,102.45,104.18,102.47,106.5,98.44,101.66,99.33,101.44,101.79,1760,214,342,400,1803,1219,1252,933,660,4.2,4.4
"2016. 12",106.72,100.23,100.65,102.38,101.18,95.52,101.14,102.96,98.27,100,100.03,99.67,100.02,99.81,100.97,105.49,99.1,103.58,102.45,104.18,102.47,106.5,98.44,101.66,100.53,101.44,101.79,1479,218,340,398,1585,1220,1253,919,655,3.9,4.1
"2017. 01",110.71,100.96,101.05,102.4,101.33,99.34,100.47,103.03,98.27,100,100.03,99.67,100.02,99.8,100.97,105.5,99.1,103.58,102.45,104.18,102.47,106.51,98.44,101.66,102.03,103,101.79,1087,211,335,399,1985,1221,1254,915,660,5.4,5.3
"2017. 02",111.08,101.3,101.54,102.5,102.18,100.51,101.25,103.27,98.27,100,100.03,99.67,100.02,99.8,100.97,105.5,99.1,103.58,103.08,104.18,102.47,106.51,98.44,101.66,102.11,103,101.79,1159,219,336,400,1732,1222,1255,934,671,7,5.4
"2017. 03",108.76,101.14,101.14,102.52,102.18,100.16,101.33,103.63,99.58,100,100.01,98.99,99.95,99.35,101.58,108.03,99.1,103.58,103.08,104.18,102.47,108.39,98.44,101.66,104.87,103,101.79,1348,219,335,397,1900,1224,1256,936,666,5.7,4.2
"2017. 04",107.1,100.85,101.64,102.54,102.18,98.53,99.96,103.65,99.58,100,100.01,98.99,99.95,99.35,101.58,108.03,100.85,103.58,103.08,104.18,102.47,108.39,99.76,101.66,105.64,103,101.79,1447,220,339,396,1696,1224,1256,942,666,5.6,4.8
"2017. 05",105.76,101.09,101.85,102.95,102.18,98.24,100.89,103.89,99.58,100,100.01,98.99,99.95,99.35,101.58,108.03,101.77,103.58,103.08,104.18,102.47,108.39,99.76,101.66,105.64,103.64,101.79,1471,231,337,394,1696,1226,1257,951,675,5.2,4.2
"2017. 06",104.87,101.04,101.76,102.95,103.34,96.84,101.69,103.98,99.58,100,100.01,98.99,99.95,99.35,101.58,108.03,101.77,103.58,103.08,104.18,102.47,108.39,99.76,101.66,105.89,104.29,101.79,1099,227,334,392,1696,1226,1258,954,666,4.9,3.7
"2017. 07",104.38,100.62,101.74,102.9,102.49,94.6,100.51,104.16,99.58,100,100.01,98.99,99.95,99.35,101.58,108.03,101.77,103.58,103.08,104.18,102.47,108.39,99.76,101.66,105.4,104.69,101.79,729,231,335,392,1743,1227,1259,951,661,4.7,3.3
"2017. 08",109.95,100.85,101.55,102.64,102.49,96.39,101.49,104.3,99.58,100,100.01,98.99,99.95,99.35,101.58,108.03,101.77,103.58,103.08,104.18,102.47,108.39,99.76,101.66,105.88,104.69,101.79,739,222,334,389,1753,1228,1260,934,660,5.4,3.2
"2017. 09",112.25,101.09,101.84,102.69,102.49,98.13,101.31,104.34,99.58,100,100.01,98.99,99.95,99.35,101.58,108.03,101.77,103.58,103.08,104.18,102.47,108.39,99.76,101.66,105.7,104.69,101.79,1185,226,335,392,1786,1229,1261,936,674,5.5,2.7
"2017. 10",107.34,101.56,101.9,102.81,102.49,100.56,101.69,104.39,99.58,100,100.01,98.99,99.95,99.35,101.58,108.03,101.77,103.58,103.08,104.18,102.47,108.39,99.76,101.66,105.13,104.69,101.79,1705,232,334,397,1595,1230,1262,933,688,4.6,2.6
"2017. 11",103.77,101.35,101.52,103.51,102.49,101.85,100.39,104.5,99.58,100,100.01,98.99,99.95,99.35,101.58,108.03,101.77,103.58,103.08,104.18,102.47,108.39,99.76,101.66,106.96,104.69,101.79,1757,228,335,393,1553,1231,1263,928,683,4.6,2.8
"2017. 12",107.3,101.45,101.23,103.51,102.78,103.11,100.97,104.55,99.58,100,100.01,98.99,99.95,99.35,101.58,108.03,101.77,103.58,103.08,104.18,102.47,109.97,99.76,101.66,106.96,104.69,101.79,1509,230,335,392,1310,1232,1263,930,675,4.7,3.1
"2018. 01",109.87,101.42,101.21,103.53,102.78,103.65,99.78,104.66,99.58,100,100.01,98.99,99.95,99.35,101.58,108.03,101.77,103.58,104.04,105.7,105.95,111.45,99.76,101.66,108.07,105.27,101.79,1139,230,341,393,1900,1232,1264,931,678,4.5,4.2
"2018. 02",115.45,101.8,100.98,103.83,102.78,104.56,101.13,104.98,99.58,100,100.01,98.99,99.95,99.35,101.58,108.03,101.77,103.58,104.04,105.7,105.95,111.45,99.76,101.94,108.32,105.13,101.79,854,232,340,392,1700,1232,1264,932,697,4.7,5.6
"2018. 03",111.04,101.9,101.72,103.6,102.36,103.65,101.03,105.03,101.2,100,100.21,97.96,99.48,99.35,102.53,94.64,101.77,103.58,104.04,105.7,105.95,111.45,99.76,101.94,109.69,105.13,101.79,1333,234,344,387,1800,1232,1265,945,706,4.8,5.3
"2018. 04",110.86,101.97,101.95,103.61,102.42,102.71,101.51,105.15,101.2,100,100.21,97.96,99.48,99.35,102.53,94.64,100.17,103.58,104.04,107.24,105.95,112.95,99.76,101.94,109.23,105.13,101.79,1242,225,339,392,1700,1233,1266,942,701,4.5,5.4
"2018. 05",109.51,102.45,102.43,103.6,102.42,105.25,101.82,105.28,101.2,100,100.21,97.96,99.48,99.35,102.53,84.68,100.17,103.58,104.04,107.24,105.95,114.46,99.76,101.94,109.78,105.5,101.79,1338,236,341,397,1700,1233,1266,959,704,4.7,4.3
"2018. 06",107.81,102.82,101.85,103.6,102.69,107.96,101.8,105.27,101.2,100,100.21,97.96,99.48,99.35,102.53,84.68,100.17,103.58,104.04,107.24,105.95,114.46,99.76,101.94,109.78,105.5,101.79,1162,239,338,396,1600,1234,1266,954,707,4,3.9
"2018. 07",108.06,102.33,100.99,103.54,104.34,107.65,101.53,105.27,101.2,100,100.21,97.96,99.48,99.35,102.53,84.68,100.17,103.58,104.04,107.24,105.95,114.46,99.76,102.23,107.23,105.69,101.79,833,240,337,397,1600,1235,1268,944,712,4.1,3.7
"2018. 08",117.76,102.44,100.81,103.54,104.34,108.12,101.6,105.26,101.2,100,100.21,97.96,99.48,99.35,102.53,80.66,100.17,103.58,104.04,107.24,105.95,114.46,99.76,102.23,107.23,105.69,101.79,870,237,330,388,1700,1236,1269,939,701,4.6,3.8
"2018. 09",123.88,102.51,100.93,103.6,104.34,108.98,101.55,105.47,101.2,100,100.21,97.96,99.48,99.35,102.53,80.66,100.17,103.58,104.04,107.24,105.95,114.46,99.76,102.23,108.55,105.69,101.79,1100,240,328,387,1600,1238,1270,941,699,4.2,3.2
"2018. 10",118.47,103.08,101.1,103.67,104.4,112.68,101.64,105.51,101.2,100,100.21,97.96,99.48,99.35,102.53,80.66,101.03,103.58,104.04,107.24,105.95,114.46,99.76,102.23,109.73,105.69,101.79,1787,244,332,386,1700,1239,1271,940,703,3.6,4.1
"2018. 11",113.85,102.55,100.66,103.99,104.75,108.09,101.79,105.53,101.2,100,100.21,97.96,99.48,99.35,102.53,80.66,101.03,103.58,104.04,107.24,105.95,114.46,99.76,102.23,108.32,105.69,101.79,1669,238,332,393,1600,1240,1272,941,711,3.8,3.6
"2018. 12",114.71,101.51,100.63,103.99,104.83,98.55,101.85,105.57,101.2,100,100.21,97.96,99.48,99.35,102.53,80.66,101.03,103.58,104.04,107.24,105.95,114.46,99.76,102.23,108.66,105.69,101.79,1523,247,330,392,1500,1241,1273,944,705,3.9,3.6
