"연도별","농축수산물","공업제품","내구재","섬유제품","출판물","석유류","기타","집세","유치원납입금","고등학교납입금","전문대학납입금","국공립대학교납입금","사립대학교납입금","국공립대학원납입금","사립대학원납입금","보육시설이용료","독서실비","초등학생학원비","고등학생학원비","음악학원비","미술학원비","운동학원비","전산학원비","가정학습지","취업학원비","외국어학원비","운동강습료","혼인율","10대취업율","20대취업율","30대취업율","40대취업율","50대취업율","60세이상취업율","chul","M15_Up_Ingu","F15_Up_Ingu","Mgj_Ingu","Fgj_Ingu","M_non_gj_Ingu","F_non_gj_Ingu","M_gj_chamga","F_gj_chamga","M_silup_rate","F_silup_rate","M_goyong_rate","F_goyong_rate","M_goyong_rate_15_64","F_goyong_rate_15_64"
"1999. 06",58.324,65.371,95.192,65.971,57.23,62.502,57.069,72.635,53.463,85.599,51.395,55.173,52.821,52.609,42.907,83.16,73.782,57.677,50.417,62.472,60.26,53.976,67.008,68.798,58.05,64.551,91.115,1076,26,232,368,258,118,44,2608,912,948,710,444,201,504,77.9,46.8,10,8.3,70.2,42.9,73.2,46
"1999. 07",57.605,65.099,95.192,65.971,57.23,62.137,57.069,72.491,53.463,85.599,51.395,55.173,52.821,52.609,42.907,83.16,73.782,57.677,50.417,62.472,60.26,53.976,67.008,68.798,58.05,64.551,91.115,663,29,234,368,261,115,42,2805,914,950,712,437,202,512,77.9,46,9.1,8.2,70.7,42.2,73.8,45.4
"1999. 08",62.742,65.317,95.491,65.971,57.23,62.901,57.026,72.346,53.463,85.599,51.395,55.173,52.821,52.609,42.907,83.16,73.782,59.774,50.417,62.472,60.26,53.976,67.008,68.798,58.05,64.551,91.115,719,27,234,361,264,115,42,2684,915,951,708,435,207,516,77.4,45.7,9.5,7.6,70.1,42.3,73.3,45.4
"1999. 09",61.15,65.371,94.793,65.971,57.102,64.462,56.94,72.13,53.463,85.599,51.395,56.205,52.821,52.609,43.74,83.16,73.782,59.774,50.417,62.472,60.26,53.976,67.008,68.798,58.05,64.551,91.115,966,30,242,374,272,116,45,2853,916,952,713,447,203,505,77.8,47,7.9,5.6,71.7,44.3,74.8,47.6
"1999. 10",62.383,66.188,95.692,66.095,57.102,69.245,56.723,71.407,53.463,85.599,51.395,56.205,52.821,52.609,43.74,83.16,73.782,59.774,50.417,62.472,60.26,53.976,67.008,68.798,58.05,64.551,91.115,2446,28,242,368,273,122,48,2871,917,953,712,445,206,508,77.6,46.7,7.2,5.6,72.1,44.1,75,47.2
"1999. 11",60.327,66.133,94.593,66.034,57.102,71.038,56.593,71.624,53.463,85.599,51.395,56.205,52.821,52.609,43.74,83.16,73.782,59.774,50.417,62.472,60.26,53.976,67.008,68.798,58.05,64.551,91.115,2467,28,236,380,272,126,47,2737,918,954,711,446,207,509,77.5,46.8,6,5.6,72.8,44,75.6,47.5
"1999. 12",60.996,65.643,92.496,66.034,57.358,69.411,56.55,71.551,53.463,85.599,51.395,56.205,52.821,52.609,43.74,83.16,73.782,59.774,50.417,62.472,60.26,53.976,67.008,68.798,58.05,64.551,91.115,1818,28,236,372,277,117,49,2704,920,956,710,436,210,519,77.2,45.6,6.5,4.8,72.2,43.4,75.1,46.8
"2000. 01",62.827,65.567,91.075,65.889,58.266,68.471,58.141,71.371,53.464,85.659,51.393,56.171,52.806,52.65,43.771,83.16,73.783,59.778,50.853,62.488,61.6,55.057,67.015,73.268,58.05,64.565,91.115,1253,30,231,361,272,114,48,3320,920,957,701,435,218,522,76.3,45.4,7.8,6,70.3,42.7,73.2,46
"2000. 02",63.075,65.634,91.258,65.956,58.989,68.328,58.141,71.588,53.464,85.659,51.393,56.171,52.806,52.65,43.771,83.16,74.982,62.977,50.853,62.74,61.6,55.057,67.015,73.268,58.05,64.565,91.115,941,26,233,365,269,113,48,3069,921,958,695,436,226,522,75.5,45.6,7.4,5.7,69.9,43,72.7,46.2
"2000. 03",62.951,65.7,91.258,65.956,60.494,68.328,58.198,71.66,55.505,92.508,56.271,63.732,58.316,58.018,50.654,83.16,74.982,62.977,58.077,62.74,62.959,55.057,69.203,76.066,58.05,65.685,91.115,1824,25,235,372,276,123,51,3267,922,959,709,448,213,512,77,46.7,6.3,6.7,72.1,43.5,75,46.7
"2000. 04",61.584,65.302,91.166,65.956,60.494,66.906,57.909,71.732,55.505,92.508,56.271,63.732,58.316,58.018,50.654,83.16,74.982,62.977,58.077,62.74,61.6,55.057,69.203,76.066,58.05,65.685,91.115,2172,26,235,376,286,122,53,2683,923,961,719,449,205,512,77.8,46.7,6,5.8,73.2,44,76.1,47
"2000. 05",59.969,65.435,91.351,66.556,60.494,66.264,57.909,71.949,55.505,92.508,56.271,63.732,58.316,58.018,50.654,83.16,74.982,62.977,58.077,62.74,61.6,55.057,69.203,76.066,58.05,65.685,91.115,2010,25,232,380,287,128,54,2782,925,962,720,450,205,512,77.9,46.7,5.3,5.7,73.7,44.1,76.6,47.1
"2000. 06",59.72,66.164,92.271,66.556,60.494,69.966,58.082,72.022,55.505,92.508,56.271,63.732,58.316,58.018,50.654,83.16,74.982,62.977,58.077,62.74,61.6,55.057,69.203,76.066,58.05,65.685,91.115,1051,26,231,378,290,130,55,2603,926,963,720,451,206,513,77.7,46.8,4.9,5.4,73.9,44.2,76.8,47.4
"2000. 07",60.403,66.032,92.364,66.556,60.494,69.966,57.966,72.238,55.505,92.508,56.271,63.732,58.316,58.018,50.654,83.16,74.982,62.977,58.077,62.74,61.6,55.057,69.203,76.066,58.05,65.685,91.115,580,28,237,377,296,129,55,2669,929,965,722,450,208,515,77.7,46.6,4.6,3.9,74.1,44.8,76.9,48
"2000. 08",62.392,66.695,92.64,66.556,60.494,72.67,58.024,72.382,55.505,92.508,56.271,63.732,58.316,58.018,50.654,83.16,74.982,62.977,58.077,62.74,61.6,55.057,68.109,76.066,58.05,65.685,91.115,620,25,230,375,293,122,55,2742,931,966,720,442,211,524,77.3,45.8,5.2,5.5,73.3,43.3,76,46.3
"2000. 09",67.426,67.226,93.284,66.556,60.494,74.664,58.198,72.382,55.505,92.508,56.271,63.732,58.316,58.018,50.654,83.16,74.982,62.977,58.077,62.74,61.6,55.057,68.109,76.066,58.05,66.871,91.115,1099,24,231,378,295,123,56,2925,933,967,720,449,213,519,77.1,46.4,4.6,6.2,73.6,43.5,76.4,46.6
"2000. 10",64.257,67.425,92.916,67.557,60.494,76.23,57.966,72.455,55.505,92.508,56.271,63.732,58.316,58.018,50.654,83.16,74.982,62.977,58.077,62.74,61.6,55.057,68.109,76.066,58.05,66.871,91.115,2431,24,240,381,298,126,55,2880,935,969,723,452,212,517,77.3,46.6,4.1,4.6,74.2,44.5,77.1,47.8
"2000. 11",60.838,67.226,92.824,68.024,60.494,75.66,56.75,72.96,55.505,92.508,56.271,63.732,58.316,58.018,50.654,83.16,74.982,62.977,58.077,62.74,61.6,55.057,68.109,76.066,58.05,66.871,91.115,2164,24,238,388,298,129,55,2728,936,970,719,462,217,508,76.8,47.6,4.2,4.1,73.5,45.7,76.6,49
"2000. 12",60.466,67.956,92.824,68.024,60.494,76.656,58.43,73.682,55.505,92.508,56.271,63.732,58.316,58.018,50.654,83.16,74.982,62.977,58.077,62.74,61.6,55.057,68.109,76.066,58.05,66.871,91.115,1712,23,235,386,299,124,49,2765,938,972,719,456,219,516,76.6,46.9,5.5,4.2,72.4,45,75.5,48.6
"2001. 01",63.075,68.156,92.916,67.957,60.554,75.66,59.821,73.972,55.505,92.508,56.271,63.732,58.316,58.018,50.654,86.403,74.982,64.358,58.93,62.74,61.6,56.159,68.109,76.066,58.05,66.871,96.217,861,26,236,370,291,117,48,3072,938,973,703,451,235,522,75,46.4,6,5.4,70.5,43.9,73.4,47.4
"2001. 02",63.075,68.421,92.916,67.89,61.577,75.803,60.343,74.116,55.505,92.508,56.271,63.732,58.316,58.018,50.654,86.403,74.982,64.358,58.93,62.74,61.6,56.159,68.109,76.142,58.05,66.871,96.217,1046,26,235,365,296,119,48,2727,939,975,707,453,232,521,75.2,46.5,6.7,5.5,70.2,44,73.2,47.5
"2001. 03",65.375,68.355,93.008,67.957,61.638,76.158,59.3,74.261,61.574,92.508,58.156,69.606,62.162,61.844,55.06,85.987,74.982,64.358,60.523,62.74,62.403,58.361,68.109,76.142,58.05,69.177,96.217,1751,26,235,371,305,124,49,2896,940,976,716,461,224,515,76.2,47.2,6.3,4.7,71.4,45,74.6,48.6
"2001. 04",66.059,68.553,92.547,67.957,61.638,76.799,60.923,74.622,61.574,92.508,58.156,69.606,62.162,61.844,55.06,85.987,74.982,64.358,60.523,62.74,62.403,58.361,68.109,76.142,58.05,69.177,96.217,2094,26,240,372,313,132,54,2609,942,977,727,468,214,510,77.3,47.8,5.3,4.5,73.2,45.7,76.3,49.3
"2001. 05",64.381,68.62,92.824,68.424,61.638,75.944,61.039,74.766,61.574,92.508,58.156,67.668,62.162,61.844,55.06,85.987,74.982,64.358,60.523,62.74,62.403,58.361,68.109,76.142,58.05,69.177,96.217,1972,24,245,375,318,135,60,2511,943,979,734,474,210,504,77.8,48.5,4.5,3.9,74.3,46.6,77.2,50.2
"2001. 06",64.94,68.687,91.995,68.29,61.638,76.371,61.56,75.705,61.574,92.508,58.156,67.668,62.162,61.844,55.06,85.987,74.982,64.358,60.523,62.74,62.403,58.361,68.109,76.142,58.05,69.177,96.217,878,22,243,374,322,132,60,2344,945,980,726,475,219,505,76.8,48.4,4.2,3.6,73.6,46.7,76.6,50.2
"2001. 07",66.804,68.488,91.719,68.357,61.698,76.514,60.575,75.922,61.574,92.508,58.156,67.668,62.162,61.844,55.06,85.987,74.982,64.358,60.523,62.74,63.761,58.361,68.109,76.142,58.05,71.089,96.217,754,23,245,369,320,131,61,2339,947,982,735,464,211,518,77.7,47.3,4.6,3.9,74.1,45.4,77,48.8
"2001. 08",69.849,68.553,92.364,68.357,61.698,74.664,61.619,75.994,61.574,92.508,58.156,67.668,62.162,61.844,55.06,85.987,78.203,64.358,60.523,62.74,63.761,58.361,68.109,76.142,58.05,71.089,96.217,604,24,243,363,317,134,62,2355,948,983,738,455,210,529,77.9,46.2,5,3,74,44.9,77,48.1
"2001. 09",68.296,68.488,92.732,68.424,61.698,74.236,61.502,76.5,61.574,92.508,58.156,67.668,61.588,61.844,55.06,85.987,78.203,64.358,60.523,62.74,63.761,58.361,68.109,76.142,58.05,71.089,96.217,1168,21,249,370,325,137,63,2470,949,985,741,468,209,516,78,47.5,4.4,2.4,74.6,46.4,77.6,49.7
"2001. 10",67.115,68.553,92.824,68.89,61.698,74.308,61.212,76.572,61.574,92.508,58.156,67.668,61.588,61.844,55.06,85.987,78.203,65.424,60.523,62.74,63.761,58.361,68.109,76.142,58.05,71.089,96.217,1936,23,245,372,323,134,64,2454,951,985,739,473,212,512,77.7,48,4.7,3.4,74,46.4,77,49.6
"2001. 11",64.567,68.222,92.824,68.957,63.082,72.172,60.516,77.078,61.574,92.508,58.156,67.668,61.588,61.844,55.06,85.987,78.203,65.424,60.523,62.74,63.761,58.361,68.109,80.906,58.05,71.089,96.217,2240,25,245,374,331,137,63,2383,952,987,743,485,210,502,78,49.2,5.1,3.5,74.1,47.4,77.1,50.8
"2001. 12",65.935,67.824,91.075,69.558,63.082,69.326,62.024,77.512,61.574,92.508,58.156,67.668,61.588,61.844,55.06,85.987,78.203,65.424,61.377,62.74,63.761,58.361,68.109,80.906,58.05,71.089,96.217,1762,23,241,366,332,133,57,2334,954,988,734,472,220,516,77,47.8,4.6,4.4,73.4,45.7,76.6,49.3
"2002. 01",67.488,67.956,91.258,69.558,63.142,70.322,61.851,77.656,61.574,92.508,58.156,67.668,61.588,61.844,55.06,85.987,74.982,65.989,61.377,62.74,63.761,59.462,68.109,80.906,58.05,71.089,96.217,982,28,243,365,330,128,57,2766,956,989,732,478,224,511,76.6,48.3,5.5,3.8,72.4,46.5,75.4,50.3
"2002. 02",70.036,68.488,91.443,69.424,64.045,70.464,64.342,77.872,61.574,92.508,58.156,67.668,61.588,61.844,55.06,85.987,74.982,65.989,61.377,65.186,63.761,59.462,65.921,80.906,58.05,71.089,98.677,812,26,243,363,334,131,58,2425,957,990,735,480,222,510,76.8,48.5,5.3,4.7,72.7,46.2,75.7,49.9
"2002. 03",68.419,68.62,91.351,69.491,64.286,71.033,64.517,78.305,67.202,99.63,64.809,76.29,66.696,67.097,61.448,91.143,74.982,65.989,63.538,65.186,65.613,59.462,60.108,80.906,58.05,71.089,98.677,1923,21,238,367,336,135,60,2633,958,991,740,475,219,516,77.2,47.9,4.9,4.6,73.4,45.7,76.5,49.4
"2002. 04",69.228,69.283,91.812,69.624,66.332,73.382,64.69,78.522,67.202,99.63,64.809,76.29,66.696,67.097,61.448,91.143,74.982,65.989,63.538,65.186,65.613,59.462,60.108,82.72,58.05,71.089,98.677,2010,23,249,373,339,141,60,2179,960,993,750,490,210,503,78.1,49.3,4.9,3.5,74.3,47.6,77.4,51.4
"2002. 05",70.844,69.55,91.535,70.024,66.392,74.877,64.574,78.883,67.202,99.63,64.809,76.29,66.696,67.097,61.448,91.143,74.982,65.989,63.538,65.186,65.613,60.563,60.108,82.72,61.185,71.089,98.677,1748,24,248,371,337,143,66,2268,961,994,747,495,214,499,77.7,49.8,4.5,4,74.2,47.9,77.2,51.6
"2002. 06",69.166,69.682,91.627,70.024,66.392,74.806,65.096,79.317,67.202,99.63,64.809,76.29,66.696,67.097,61.448,91.143,74.982,65.989,63.538,65.186,65.613,60.563,60.108,82.72,61.185,71.089,98.677,1180,24,238,376,343,141,67,2050,962,995,744,489,219,506,77.3,49.1,4,3.1,74.2,47.6,77.3,51.4
"2002. 07",67.364,69.416,91.258,70.024,66.392,73.88,64.227,79.895,67.202,99.63,64.809,76.29,66.696,67.097,61.448,91.143,74.982,61.284,63.538,65.186,65.613,60.563,60.108,82.72,60.547,72.472,101.228,631,25,241,375,343,140,66,2115,964,996,749,483,215,513,77.7,48.5,3.5,3.4,75,46.9,78,50.7
"2002. 08",71.092,69.615,91.075,70.024,66.633,73.88,65.096,80.112,67.202,99.63,64.809,76.29,66.696,67.097,61.448,91.726,74.982,61.284,63.538,65.186,65.613,60.563,60.108,82.72,60.547,74.448,101.228,646,21,237,365,347,136,62,2120,965,997,737,480,227,517,76.4,48.1,4.2,3.7,73.2,46.3,76.3,50.2
"2002. 09",74.013,69.814,92.364,70.024,66.754,73.525,65.444,80.546,67.202,99.63,64.809,76.29,66.696,67.097,61.448,96.798,74.982,62.475,63.538,65.186,66.971,60.563,60.108,82.72,60.547,74.448,101.228,1002,19,238,371,350,140,64,2126,965,998,739,479,226,518,76.6,48.1,3.4,2.4,74,46.9,77,50.8
"2002. 10",68.543,70.611,92.916,71.225,66.934,76.656,65.618,80.69,67.202,99.63,64.809,76.29,66.696,67.097,61.448,95.967,74.982,63.667,63.538,65.186,66.971,62.766,59.014,82.72,60.547,74.448,103.78,2088,17,236,371,354,144,65,2140,967,998,750,482,217,516,77.6,48.3,3.9,3.2,74.5,46.8,77.6,50.6
"2002. 11",68.357,70.744,92.64,71.891,66.934,77.867,64.69,81.051,67.202,99.63,64.809,76.29,66.696,67.097,61.448,95.967,74.982,63.667,63.538,65.186,66.971,62.766,59.014,82.72,60.547,74.448,103.78,2111,17,239,369,357,145,63,1992,967,999,750,481,218,518,77.5,48.2,3.6,2.9,74.7,46.8,77.8,50.7
"2002. 12",69.849,70.81,93.284,71.825,66.934,76.585,65.502,81.413,67.202,99.63,64.809,76.29,66.696,67.097,61.448,93.389,74.982,63.667,63.538,65.186,66.971,62.766,59.014,82.72,60.547,74.448,103.78,1718,17,238,367,358,146,62,1961,968,1000,753,479,215,521,77.8,47.9,4,2.9,74.7,46.5,77.7,50.5
"2003. 01",71.589,71.142,93.561,71.825,66.995,78.294,65.618,81.484,67.202,99.63,64.809,76.29,66.696,67.097,61.448,93.389,76.555,63.667,64.392,66.567,68.329,62.766,60.587,82.72,60.547,74.448,103.78,885,21,239,344,345,139,58,2484,969,1000,742,465,228,536,76.5,46.4,5.5,4.1,72.3,44.5,75.2,48.2
"2003. 02",72.397,71.672,93.652,71.891,68.078,80.784,65.559,81.556,67.202,99.63,64.809,76.29,66.696,67.097,61.448,93.389,76.555,64.608,64.392,66.567,68.329,63.867,60.587,82.72,60.547,75.436,103.78,910,19,239,340,349,137,58,2309,970,1001,740,462,231,539,76.2,46.1,5.2,4.6,72.3,44,75.3,47.5
"2003. 03",73.889,71.939,93.376,71.624,68.318,82.279,65.85,81.629,71.12,105.201,70.243,85.912,72.494,72.751,68.826,95.967,78.129,64.608,70.421,67.884,68.329,68.272,60.587,82.72,60.547,75.436,103.78,1741,16,238,350,359,140,65,2476,971,1002,753,472,219,530,77.5,47.1,5.1,4,73.6,45.3,76.5,48.9
"2003. 04",73.329,71.341,92.64,71.825,68.318,78.435,66.256,81.773,73.106,105.201,70.243,85.912,70.829,72.751,68.826,95.967,78.129,64.608,70.421,67.884,69.625,68.272,60.587,82.72,60.547,75.436,103.78,1750,16,241,351,359,147,63,2429,973,1002,755,474,218,528,77.6,47.3,4.4,4.1,74.2,45.4,77.3,49.1
"2003. 05",71.092,71.341,92.64,72.291,68.318,77.937,66.256,82.206,73.106,105.201,70.243,85.912,70.829,72.751,68.826,95.967,78.129,64.608,70.421,67.884,69.625,68.272,60.587,82.72,60.547,75.436,103.78,1750,14,236,352,360,151,68,2388,974,1003,755,477,219,526,77.5,47.6,4.4,3.9,74.1,45.8,76.9,49.5
"2003. 06",69.663,71.076,92.824,72.291,68.318,76.87,66.371,82.28,73.106,105.201,70.243,85.912,70.829,71.151,68.826,95.967,81.275,64.608,70.421,67.884,69.625,68.272,60.587,82.72,60.547,75.436,103.78,979,13,241,348,360,149,72,1918,975,1004,754,478,220,526,77.4,47.6,4.5,3.5,74,45.9,76.6,49.4
"2003. 07",69.849,70.744,90.798,72.291,68.318,77.511,65.734,82.423,73.106,105.201,70.243,85.912,70.829,71.151,68.826,95.967,79.702,64.608,70.421,67.884,68.329,68.272,61.613,82.72,60.547,75.436,103.78,577,19,245,349,359,150,71,2025,976,1005,762,486,214,518,78.1,48.4,4.9,3.5,74.3,46.7,77.1,50.4
"2003. 08",71.278,70.876,90.798,72.291,68.318,77.511,66.603,82.784,73.106,105.201,70.243,85.912,70.829,71.151,68.826,95.967,79.702,64.608,70.421,67.884,68.329,68.272,61.613,82.72,62.461,75.436,103.78,706,16,235,340,350,151,70,2099,976,1005,748,466,228,539,76.6,46.4,4.3,4.1,73.3,44.5,76.1,47.9
"2003. 09",76.499,70.942,91.075,72.225,68.318,77.511,66.893,82.929,73.106,105.201,70.243,85.912,70.829,71.151,68.826,97.131,79.702,64.608,70.421,67.884,68.329,68.272,61.613,82.72,62.461,75.436,103.78,949,11,241,343,358,151,75,2234,977,1006,749,478,227,528,76.7,47.5,4.4,3.4,73.3,45.9,75.8,49.3
"2003. 10",78.238,70.876,90.798,72.025,68.318,77.582,66.951,83.002,73.106,105.201,70.243,85.912,70.829,71.151,68.826,97.131,79.702,64.608,70.421,69.201,66.971,68.272,61.613,82.72,62.461,75.436,103.78,2084,9,241,343,360,151,72,2322,977,1006,751,476,227,530,76.8,47.3,4.6,3.2,73.3,45.8,75.9,49.2
"2003. 11",75.629,70.942,91.075,72.025,68.68,79.29,64.574,83.073,73.106,105.201,70.243,85.912,70.829,71.151,68.826,97.131,79.702,64.608,70.421,69.201,66.971,68.272,61.613,82.72,62.461,75.436,103.78,1863,10,245,343,361,151,73,2163,978,1007,747,484,231,523,76.4,48.1,4.2,3.5,73.2,46.4,75.9,50
"2003. 12",75.69,71.739,91.258,72.025,70.546,80.643,66.893,83.073,73.106,105.201,70.243,85.912,70.829,71.151,68.826,97.131,79.702,64.608,70.421,69.201,66.971,68.272,61.613,89.071,63.739,75.436,103.78,1526,15,242,341,359,147,65,1985,978,1007,745,481,233,526,76.2,47.8,5.2,3.9,72.3,45.9,75.3,49.6
"2004. 01",77.617,72.138,91.627,71.958,70.607,82.563,66.198,83.073,73.106,105.201,70.243,85.912,70.829,71.151,68.826,97.131,79.702,64.608,70.819,69.201,66.971,68.272,63.665,89.071,63.739,75.436,98.314,835,17,246,338,350,147,63,2402,980,1008,742,473,238,534,75.7,47,5,3.6,71.9,45.3,75,49
"2004. 02",77.99,72.336,91.258,72.225,70.305,83.703,66.835,82.929,73.106,105.201,70.243,85.912,70.829,71.151,68.826,97.131,81.275,64.608,70.819,69.201,66.971,68.272,65.785,89.071,63.739,75.436,96.582,1201,14,241,341,353,145,64,2192,980,1008,740,480,241,528,75.5,47.6,5.5,4.5,71.3,45.5,74.4,49.1
"2004. 03",80.538,72.734,92.364,72.025,70.365,84.415,67.299,82.713,82.431,110.132,75.676,92.161,76.913,74.806,73.282,101.787,81.275,66.114,72.753,71.334,70.119,69.153,65.785,89.071,63.739,76.424,98.769,1448,12,243,341,362,147,74,2435,981,1009,749,495,232,514,76.4,49,5.2,5.3,72.4,46.4,75.4,49.9
"2004. 04",80.041,72.802,92.364,72.092,70.486,83.917,66.951,82.784,82.431,110.132,75.676,92.161,76.913,74.806,73.282,101.787,83.746,66.114,72.753,71.334,70.119,69.153,65.785,89.071,63.739,76.424,98.769,1259,11,246,346,369,150,75,2053,981,1009,754,500,228,509,76.8,49.5,4.5,4.4,73.4,47.4,76.2,50.9
"2004. 05",78.114,73,92.18,71.558,70.486,84.913,67.241,82.784,82.431,110.132,75.676,92.161,76.913,74.806,73.282,101.787,83.746,66.114,72.753,71.334,70.119,69.153,64.143,89.071,63.739,76.424,98.769,2047,13,246,346,364,148,73,2083,982,1010,751,493,231,517,76.5,48.8,4.2,4.5,73.3,46.6,76.3,50.2
"2004. 06",77.12,73.199,92.088,71.558,70.486,84.628,67.994,82.857,82.431,110.132,75.676,92.161,76.913,74.806,73.282,101.787,83.746,66.114,72.753,71.334,70.119,69.153,64.143,89.071,63.739,76.424,101.32,1008,13,247,347,359,150,75,1935,983,1011,749,491,234,520,76.2,48.6,4.2,3.6,73,46.8,76,50.2
"2004. 07",79.606,73.199,91.627,71.358,70.486,85.482,67.762,82.784,82.431,110.132,75.676,92.161,75.535,74.806,73.282,101.787,83.746,66.114,72.753,71.334,70.119,69.153,64.143,89.071,63.739,77.017,101.32,668,20,247,344,358,147,72,2048,984,1011,754,489,230,523,76.6,48.3,5,3.5,72.8,46.6,75.8,50.2
"2004. 08",82.651,73.73,91.812,71.358,70.667,87.689,68.169,82.713,82.431,110.132,75.676,92.161,75.535,74.806,73.282,101.787,83.746,66.114,72.753,71.334,70.119,69.153,64.143,89.071,63.739,77.017,101.32,663,14,244,340,348,149,73,2003,985,1012,741,481,244,531,75.3,47.5,4.7,4.6,71.8,45.4,74.8,48.5
"2004. 09",82.899,73.664,91.719,71.091,70.667,87.547,67.53,82.784,82.431,110.132,75.676,92.161,75.535,74.806,73.282,101.787,83.746,66.114,73.663,71.334,70.119,69.153,64.143,89.071,63.739,77.017,101.32,916,17,240,347,358,147,73,2024,986,1014,743,490,243,524,75.4,48.3,4.4,3.6,72.1,46.6,75.2,50
"2004. 10",80.786,74.194,91.535,71.225,70.667,88.97,67.415,82.64,82.431,110.132,75.676,92.161,75.535,74.806,73.282,101.787,83.746,66.114,73.663,71.334,70.119,69.153,64.143,89.071,65.771,77.017,101.32,2207,16,238,346,359,150,76,2143,987,1015,753,487,234,528,76.3,48,4.8,3.6,72.6,46.2,75.6,49.7
"2004. 11",76.933,73.863,91.535,71.691,70.667,88.045,66.082,82.64,82.431,110.132,75.676,92.161,75.535,74.806,73.282,101.787,83.746,66.114,73.663,71.334,70.119,69.153,64.143,89.071,65.771,77.017,101.32,1922,16,240,343,363,156,78,1935,987,1016,760,491,228,525,76.9,48.3,5,3.4,73.1,46.6,76.1,50.1
"2004. 12",76.685,73.796,91.719,71.425,70.667,85.696,68.169,82.28,82.431,110.132,75.676,92.161,75.535,74.806,73.282,101.787,82.772,66.114,73.663,71.334,70.119,69.153,64.143,89.071,65.771,77.017,93.575,1726,17,238,341,369,155,71,1839,988,1017,756,495,233,522,76.5,48.7,5.3,4.2,72.4,46.6,75.6,50.3
"2005. 01",79.038,74.955,92.625,71.305,71.349,85.884,72.656,82.122,82.404,109.197,75.625,92.207,75.541,75.605,72.519,101.813,82.784,66.131,74.103,71.294,70.116,70.694,64.146,90.357,68.814,77.026,93.542,1118,18,229,345,358,150,69,2168,989,1018,750,482,239,536,75.8,47.3,5.9,4.2,71.4,45.4,74.7,49.2
"2005. 02",81.177,75.183,92.443,71.377,71.708,86.62,72.801,82.122,82.404,109.197,75.625,92.207,75.541,75.605,72.519,101.813,81.941,66.131,74.103,71.294,70.116,70.694,64.146,90.357,68.814,77.026,93.542,901,16,235,337,351,150,63,1792,990,1019,739,474,251,545,74.6,46.5,5.5,4.6,70.6,44.4,74.1,48.3
"2005. 03",81.335,75.563,92.17,71.449,71.78,89.016,72.801,81.959,89.278,112.442,80.992,93.727,80.397,79.385,77.098,106.792,82.953,66.131,76.462,72.158,70.116,71.479,64.869,90.357,68.814,77.026,99.753,1565,14,230,343,358,154,70,2100,991,1020,751,478,240,542,75.8,46.8,5.1,4.6,71.9,44.7,75.3,48.5
"2005. 04",81.731,75.714,91.804,71.377,71.924,90.859,72.365,81.959,89.278,112.442,80.992,93.727,80.397,79.385,77.098,106.792,82.953,66.131,76.462,72.158,70.116,71.479,66.25,90.357,70.286,77.026,99.753,1757,13,235,340,368,156,72,1839,992,1021,760,483,233,538,76.6,47.3,4.9,4.6,72.8,45.1,76.3,48.7
"2005. 05",79.355,75.791,91.804,71.809,71.924,89.754,72.874,81.877,89.278,112.442,80.992,93.727,80.397,79.385,77.098,106.792,82.953,66.131,76.462,72.158,70.116,71.479,66.25,90.357,71.828,77.026,93.542,1857,15,236,343,368,162,77,1819,993,1022,767,489,226,533,77.3,47.8,4.8,3.4,73.5,46.2,76.8,50
"2005. 06",77.612,75.563,90.528,71.809,71.924,90.214,72.874,81.713,89.278,112.442,80.992,93.727,80.397,79.385,77.098,106.792,82.953,66.131,76.462,72.158,70.116,71.479,66.25,90.357,71.828,77.026,93.542,1196,16,235,348,370,163,76,1813,994,1023,772,491,222,532,77.6,48,4.9,3.7,73.9,46.2,77.2,50.2
"2005. 07",78.959,75.791,89.981,71.809,71.924,93.162,72.147,81.713,89.278,112.442,80.992,93.727,80.397,79.385,77.098,106.792,86.072,66.131,76.462,72.158,69.276,71.479,66.25,90.357,71.828,77.8,93.542,607,19,231,342,373,162,72,1803,995,1025,772,483,223,542,77.6,47.1,4.9,3.7,73.8,45.4,77.2,49.5
"2005. 08",79.355,76.094,90.255,71.737,71.636,94.821,72.728,81.549,89.278,112.442,80.992,93.727,80.397,79.385,77.098,106.792,86.072,66.131,76.462,72.158,70.116,71.479,66.25,90.357,71.828,77.8,93.542,735,18,226,340,375,163,74,1995,997,1026,767,481,230,545,76.9,46.9,4.8,3.5,73.2,45.3,76.5,49.3
"2005. 09",81.652,76.549,90.528,71.737,71.708,97.31,73.02,81.386,89.278,112.442,80.992,98.19,80.397,79.385,77.098,106.792,86.072,66.131,76.462,72.158,70.116,71.479,66.25,90.357,69.235,77.8,93.542,938,15,226,344,375,165,73,1971,999,1028,766,486,234,541,76.6,47.3,4.5,3.9,73.1,45.5,76.4,49.6
"2005. 10",79.276,76.702,90.619,72.527,71.78,96.941,72.437,81.468,89.278,112.442,80.992,98.19,80.397,79.385,77.098,106.792,86.072,67.259,76.462,72.158,70.116,71.479,66.25,90.357,69.235,77.8,93.542,2373,16,229,345,375,169,74,1925,1001,1029,768,490,233,540,76.7,47.6,4.2,3.9,73.5,45.7,76.8,49.7
"2005. 11",73.732,76.626,90.255,72.743,71.78,95.651,73.02,81.468,89.278,112.442,80.992,98.19,80.397,79.385,77.098,106.792,86.072,67.259,76.462,72.158,70.116,71.479,66.25,90.357,69.235,77.8,90.531,1896,15,231,346,377,169,74,1965,1003,1031,777,486,226,545,77.4,47.2,4.5,3.3,73.9,45.6,77.3,49.8
"2005. 12",77.296,76.777,91.076,72.743,71.78,95.651,73.02,81.468,89.278,112.442,80.992,98.19,80.397,79.385,77.098,106.792,84.892,67.259,76.462,72.158,70.116,71.479,66.25,90.357,69.235,77.8,90.531,1572,15,225,348,367,170,66,1836,1005,1033,763,487,242,546,75.9,47.1,5.3,3.9,71.9,45.3,75.3,49.8
"2006. 01",79.355,76.853,90.802,72.815,71.851,96.573,72.801,81.468,89.278,112.442,80.992,98.19,80.397,79.385,77.098,106.792,86.999,67.259,78.592,73.022,70.116,72.977,66.25,90.357,69.235,78.574,90.531,1004,19,227,344,363,163,62,2149,1001,1034,759,478,242,556,75.9,46.3,5.5,3.6,71.7,44.6,75.3,48.9
"2006. 02",77.533,77.005,90.346,73.03,72.713,97.125,73.31,81.223,89.278,112.442,80.992,98.19,80.397,79.385,77.098,106.792,91.636,68.388,78.592,73.022,70.116,73.762,66.25,90.357,69.235,78.574,90.531,1039,16,231,341,374,165,65,1939,1003,1036,761,493,241,543,75.9,47.6,5.8,3.9,71.5,45.8,74.9,50
"2006. 03",79.434,77.157,90.346,72.959,73,97.586,73.31,81.141,97.562,115.909,86.84,103.224,86.447,83.796,81.526,110.713,91.636,68.986,79.885,73.886,72.778,74.475,66.974,90.357,70.776,76.251,93.542,1583,9,229,342,378,170,73,2026,1005,1037,766,498,239,539,76.2,48,5.5,4.1,72,46.1,75.3,50
"2006. 04",79.038,77.537,90.711,72.959,72.856,99.06,73.02,81.141,97.562,115.909,86.84,103.224,86.447,83.796,81.526,110.713,93.322,68.986,79.885,73.886,72.778,74.475,66.974,90.357,70.776,79.426,93.542,1756,10,231,354,382,173,78,2026,1007,1039,782,503,225,536,77.7,48.4,4.7,4.2,74,46.4,77.4,50.3
"2006. 05",77.533,78.069,91.531,74.037,72.856,99.889,73.237,81.06,97.562,115.909,86.84,103.224,86.447,83.796,81.526,110.713,95.261,68.986,79.885,73.886,72.778,74.475,66.974,90.357,70.776,79.426,93.542,1863,10,234,351,385,174,81,1976,1009,1040,783,506,227,535,77.6,48.6,4.9,2.8,73.8,47.2,77.1,51.1
"2006. 06",76.108,77.841,89.891,74.109,72.856,99.889,73.529,80.978,97.562,115.909,86.84,103.224,86.447,83.796,81.526,110.713,95.261,68.986,79.885,73.886,72.778,74.475,66.974,90.357,70.776,79.426,93.542,1256,9,236,351,391,178,84,1839,1012,1042,784,515,227,527,77.5,49.4,4.4,3.1,74.1,47.8,77.3,51.7
"2006. 07",76.979,77.992,89.981,74.037,72.856,100.535,73.165,80.896,97.562,115.909,86.84,103.224,86.447,83.796,81.526,110.713,95.261,68.986,79.885,73.886,72.778,74.475,66.974,90.357,70.776,79.426,87.426,671,15,237,347,381,177,82,1956,1014,1044,787,508,227,536,77.6,48.7,5.1,3.1,73.7,47.2,76.9,51.1
"2006. 08",81.652,78.069,90.072,74.109,74.867,100.443,73.383,81.06,97.562,115.909,86.84,103.224,86.208,83.796,81.221,110.713,95.261,68.986,79.885,73.886,72.778,74.475,66.974,90.357,70.776,80.974,87.426,767,12,235,343,377,176,83,1983,1017,1046,780,497,236,549,76.8,47.5,4.5,3.5,73.3,45.8,76.5,49.6
"2006. 09",81.81,77.917,89.708,74.037,74.867,98.599,73.892,81.468,97.562,115.909,86.84,103.508,86.129,83.796,81.221,110.713,95.261,68.986,79.885,74.75,72.778,74.475,66.974,90.357,70.776,80.974,87.426,1144,9,232,350,379,176,82,2005,1019,1048,778,504,241,544,76.4,48.1,4.3,4,73.1,46.1,76.4,50.2
"2006. 10",78.087,77.309,89.343,74.612,74.867,94.729,73.601,81.631,97.562,115.909,86.84,103.508,86.129,83.796,81.221,110.713,94.333,68.986,79.885,74.75,72.778,74.475,66.974,90.357,70.776,80.974,87.426,2167,9,232,348,387,180,83,2012,1021,1050,784,509,237,541,76.8,48.5,4.6,3.6,73.3,46.7,76.7,50.9
"2006. 11",74.841,77.157,89.525,75.115,74.867,92.886,73.746,81.713,97.562,115.909,86.84,103.508,86.129,83.796,81.221,110.713,94.333,68.986,79.885,74.75,72.778,74.475,66.974,90.357,70.776,80.974,87.426,2187,8,234,347,391,181,82,1979,1023,1052,784,511,239,541,76.6,48.6,4.8,2.7,72.9,47.2,76.3,51.3
"2006. 12",77.137,77.234,89.708,75.115,75.799,92.886,73.674,81.794,97.562,115.909,86.84,103.508,86.129,83.796,81.221,110.713,94.333,68.986,79.885,74.75,72.778,74.475,66.974,90.357,70.776,80.974,87.426,1824,10,229,343,386,177,76,1821,1025,1054,775,504,251,550,75.5,47.8,5.3,3.2,71.5,46.3,74.8,50.6
"2007. 01",77.375,77.157,89.343,75.115,75.943,92.609,73.82,82.122,97.562,115.909,86.84,103.508,86.129,83.796,81.221,110.713,94.333,68.986,79.885,76.479,72.778,74.475,66.974,90.357,70.776,84.225,87.426,1421,13,224,347,380,171,71,2283,1028,1056,764,500,264,556,74.3,47.4,4.9,4.1,70.7,45.4,74.1,49.7
"2007. 02",80.622,77.309,89.343,75.331,76.23,92.886,74.11,82.285,97.562,115.909,86.84,103.508,86.129,83.796,81.221,110.713,94.333,68.986,79.885,76.479,72.778,74.475,66.974,97.857,70.776,84.225,87.426,896,14,224,351,385,171,70,2094,1030,1058,767,506,263,552,74.5,47.8,5.2,3.7,70.6,46.1,74.1,50.4
"2007. 03",78.008,77.689,89.07,75.259,76.302,95.374,73.965,82.367,107.697,119.49,93.489,111.865,92.894,91.829,87.098,118.87,94.333,71.243,81.178,77.343,77.121,76.044,66.974,97.857,70.776,85.774,87.426,1765,10,226,354,398,177,78,2312,1033,1060,785,511,247,549,76.1,48.2,4.5,3.9,72.6,46.4,76.1,50.5
"2007. 04",77.85,78.524,89.525,75.259,76.302,98.968,74.401,82.367,107.697,119.49,93.489,111.865,92.894,91.829,87.098,118.87,94.333,71.243,81.178,77.343,77.121,77.543,66.974,97.857,70.776,85.774,87.426,1605,11,225,354,399,184,83,2183,1035,1062,789,519,246,543,76.2,48.9,4.1,3.8,73.1,47,76.4,51.2
"2007. 05",76.662,78.828,88.796,75.977,76.302,100.351,74.329,82.612,107.697,119.49,93.489,111.865,92.894,91.829,87.098,118.87,94.333,71.243,81.178,77.343,77.121,77.543,66.974,97.857,70.776,85.774,90.719,2026,12,232,351,400,185,85,2079,1037,1064,799,516,239,548,77,48.5,3.9,3.7,73.9,46.7,77.2,50.7
"2007. 06",76.267,78.98,88.523,75.977,76.445,100.904,74.619,82.694,107.697,119.49,93.489,111.865,92.576,91.829,86.793,118.87,94.333,71.243,81.178,77.343,77.121,77.543,66.974,97.857,70.776,85.774,90.719,1233,11,236,354,400,187,87,2000,1040,1066,807,522,233,544,77.6,49,4,3.9,74.5,47.1,77.6,51
"2007. 07",76.267,79.284,89.253,76.121,76.302,101.641,74.838,82.857,107.697,119.49,93.489,111.865,92.576,91.829,86.793,118.87,94.333,71.243,81.178,77.343,77.121,77.543,66.974,97.857,70.776,86.548,90.719,778,15,245,353,402,190,87,2188,1043,1068,813,530,230,538,78,49.6,3.6,4.5,75.1,47.4,78.4,51.6
"2007. 08",76.9,79.208,89.434,76.049,76.302,100.535,74.983,82.939,107.697,119.49,93.489,111.865,92.576,91.829,86.793,118.87,94.333,71.243,81.178,77.343,77.121,77.543,66.974,97.857,70.776,86.548,90.719,657,13,236,349,397,190,84,2358,1045,1070,800,521,245,550,76.5,48.7,3.7,4.3,73.7,46.6,77,50.8
"2007. 09",81.018,79.512,89.799,76.049,76.158,101.548,74.838,83.184,107.697,119.49,93.169,111.39,92.576,91.829,86.793,118.87,94.333,72.372,81.178,77.343,77.121,77.543,66.974,97.857,70.776,86.548,90.719,1228,10,236,354,398,200,87,2390,1048,1073,804,533,244,540,76.7,49.7,4.1,3.6,73.6,47.9,76.9,52.1
"2007. 10",80.701,79.739,90.072,76.265,76.158,102.377,75.056,83.429,107.697,119.49,93.169,111.39,92.576,91.829,86.793,118.87,94.333,72.372,81.178,78.279,77.121,77.543,66.974,97.857,70.776,86.548,90.719,2269,10,235,355,403,199,94,2488,1050,1075,808,540,242,535,77,50.3,4.3,3.2,73.7,48.7,76.9,52.7
"2007. 11",77.929,80.499,90.619,76.768,76.23,106.248,75.056,83.756,107.697,119.49,93.169,111.39,92.576,91.829,86.793,118.87,94.333,72.372,81.178,78.279,77.121,77.543,66.974,97.857,70.776,86.548,90.719,2289,12,231,362,397,202,92,2254,1053,1077,802,542,251,535,76.1,50.4,4,2.9,73.1,48.9,76.3,53.3
"2007. 12",77.771,81.031,90.619,76.912,76.445,108.92,75.274,83.919,107.697,119.49,93.169,111.39,92.576,91.829,86.793,118.87,94.333,72.372,81.178,78.279,77.121,77.543,66.974,97.857,70.776,86.548,90.719,2060,12,235,352,397,200,87,2083,1055,1080,804,536,252,544,76.2,49.6,4.7,3.4,72.6,47.9,76.1,52.1
"2008. 01",78.325,81.714,92.17,76.912,77.163,111.409,74.983,84.083,107.697,119.49,93.169,111.39,92.576,91.829,86.793,118.87,94.333,74.63,81.178,78.279,78.872,80.61,66.974,97.857,71.337,86.548,90.719,1417,15,235,343,396,199,73,2417,1058,1082,798,520,260,562,75.4,48,4.8,3.6,71.8,46.3,75.6,50.8
"2008. 02",79.672,81.714,92.261,76.84,78.097,110.764,74.765,84.164,107.697,119.49,93.169,111.39,92.576,91.829,86.793,118.87,94.333,74.63,81.178,79.143,78.872,80.61,71.251,97.857,71.337,86.548,90.719,1105,11,235,337,391,205,76,2074,1060,1084,800,516,260,568,75.5,47.6,4.9,4.1,71.8,45.7,75.3,50.2
"2008. 03",78.167,82.853,93.355,76.84,79.173,113.067,75.274,84.328,121.181,122.399,100.538,121.362,99.581,100.178,92.9,132.325,94.333,79.808,84.145,79.143,80.623,80.61,71.974,97.857,78.415,86.548,91.66,1868,9,234,340,390,212,85,2328,1063,1086,811,518,252,568,76.3,47.7,4.8,4,72.7,45.8,76.1,49.9
"2008. 04",79.672,83.688,92.989,76.912,79.603,116.016,75.056,84.492,121.181,122.399,100.538,121.362,99.581,100.178,92.9,132.325,94.333,79.808,84.145,80.008,80.623,80.61,71.974,97.857,78.905,86.548,91.66,1829,13,238,337,392,216,97,2149,1065,1089,813,530,252,558,76.3,48.7,3.9,3.8,73.4,46.9,76.4,50.6
"2008. 05",79.434,85.435,93.628,77.774,79.603,123.94,76.074,84.737,121.181,122.399,100.538,121.362,99.502,100.178,92.9,132.325,94.333,79.808,84.145,80.008,80.623,80.61,71.974,97.857,81.428,86.548,91.66,1941,13,241,337,394,218,92,2086,1067,1091,813,532,255,559,76.1,48.8,4.1,3.2,73,47.2,76.3,51.2
"2008. 06",78.405,87.03,94.084,77.99,79.532,132.787,76.074,84.9,121.181,122.399,100.538,121.362,99.342,100.178,92.595,132.325,94.333,79.808,84.145,80.008,80.623,79.04,71.974,97.857,84.021,86.548,91.66,1381,10,231,339,395,219,94,1884,1070,1093,803,537,267,556,75,49.1,4.1,3.6,71.9,47.4,75.2,51.3
"2008. 07",79.434,88.093,95.816,77.99,79.819,135.366,76.583,85.227,121.181,122.399,100.538,119.842,99.262,98.13,92.595,132.325,94.333,79.808,84.145,80.008,80.623,79.04,71.974,97.857,84.021,86.548,91.66,869,14,237,337,394,220,93,2091,1072,1095,808,541,264,554,75.4,49.4,4.3,3.3,72.1,47.8,75.6,51.7
"2008. 08",81.573,86.726,94.357,77.99,79.819,126.244,77.092,85.227,121.181,122.399,100.538,119.842,99.262,98.13,92.595,132.325,94.333,79.808,84.145,80.008,80.623,79.04,71.974,97.857,84.021,86.548,93.448,903,13,232,334,384,217,95,2017,1073,1096,797,528,276,568,74.3,48.2,4.3,3.1,71.1,46.7,74.4,50.4
"2008. 09",81.256,86.954,96.455,78.062,79.819,121.545,77.528,85.308,121.181,122.399,100.459,119.842,99.262,98.13,92.595,132.325,94.333,79.808,84.145,80.008,80.623,80.61,71.974,97.857,84.021,87.709,93.448,1154,11,231,336,385,219,99,2181,1074,1097,793,534,281,563,73.8,48.7,3.8,3.2,71,47.1,74.1,50.6
"2008. 10",78.643,86.878,97.366,78.134,79.747,119.057,77.747,85.553,121.181,122.399,100.459,119.842,99.262,98.13,92.595,132.325,94.333,79.808,84.145,80.008,80.623,80.61,71.974,97.857,84.021,87.709,93.448,2160,10,228,342,393,227,101,2187,1075,1098,802,547,273,551,74.6,49.8,3.6,3.7,71.9,48,75,51.5
"2008. 11",78.325,85.511,97.001,79.068,81.111,107.723,77.965,85.717,121.181,122.399,100.459,119.842,99.262,98.13,92.595,132.325,94.333,79.808,84.145,80.008,81.464,80.61,71.974,97.857,84.021,87.709,93.448,1826,10,229,339,394,230,99,2001,1077,1100,808,541,269,558,75.1,49.2,3.8,3.2,72.2,47.7,75.6,51.2
"2008. 12",80.068,84.828,99.554,79.931,80.896,98.968,77.892,85.881,121.181,122.399,100.459,119.842,99.262,98.13,92.595,132.325,94.333,79.808,84.145,80.008,81.464,80.61,71.974,97.857,84.021,87.709,93.448,1655,9,224,333,391,220,87,1950,1078,1101,798,519,280,582,74,47.1,4.1,3.6,71,45.4,74.7,49.1
"2009. 01",83.711,84.371,99.006,79.931,81.757,95.835,77.747,86.126,121.181,122.399,100.459,119.842,99.262,98.13,92.595,132.325,94.333,79.808,84.145,80.008,81.464,80.61,71.974,97.857,84.021,87.709,93.448,1016,13,223,325,390,221,75,2434,1080,1102,783,518,297,584,72.5,47,4.3,3.9,69.3,45.2,73.3,49.6
"2009. 02",83.632,85.739,101.104,80.003,81.972,101.272,78.183,86.126,121.181,122.399,100.459,119.842,99.262,98.13,92.595,132.325,94.333,79.808,84.145,80.008,81.464,80.61,71.974,97.857,86.683,87.709,92.507,1090,9,231,321,389,216,82,2020,1081,1103,790,518,291,586,73.1,46.9,5,3.9,69.4,45.1,73.1,49.2
"2009. 03",85.691,86.346,101.468,80.074,82.547,102.838,78.328,86.371,129.553,122.399,104.544,121.741,99.581,98.917,93.358,144.192,96.188,79.808,88.939,80.008,85.037,80.61,73.356,97.857,86.683,87.709,92.507,1536,8,230,324,394,222,84,2257,1082,1104,797,531,285,574,73.6,48.1,5.3,4.4,69.7,45.9,73.4,50.2
"2009. 04",87.829,86.27,99.645,80.146,82.619,104.497,77.819,86.452,129.553,122.399,104.544,121.741,99.581,98.917,93.358,144.192,96.188,79.808,88.939,80.008,85.037,80.61,73.356,97.857,87.454,87.709,92.507,1440,9,233,332,396,231,99,2092,1083,1106,811,547,272,559,74.9,49.5,4.5,4.1,71.6,47.5,74.9,51.4
"2009. 05",85.929,86.346,99.098,82.015,82.619,102.285,78.619,86.452,129.553,122.399,104.544,121.741,99.581,98.917,93.358,144.192,96.188,79.808,88.939,80.008,85.037,80.61,73.356,97.857,87.454,87.709,92.507,1770,10,231,333,395,231,102,2012,1084,1107,819,552,265,555,75.5,49.9,5.8,4.1,71.2,47.8,74.6,51.7
"2009. 06",81.889,87.182,99.827,82.518,82.834,105.695,79.711,86.534,129.553,122.399,104.544,121.741,99.581,98.917,93.358,144.192,96.188,81.867,88.939,80.008,85.037,80.61,73.356,97.857,87.454,87.709,92.507,1195,10,240,335,403,237,110,1825,1085,1108,829,573,256,535,76.4,51.7,5.3,4,72.3,49.6,75.4,53.5
"2009. 07",83.315,87.485,100.374,82.662,82.762,106.708,79.42,86.616,129.553,122.399,104.544,121.741,99.581,98.917,93.358,144.192,96.188,81.867,88.939,80.008,85.037,80.61,73.356,97.857,89.697,87.709,92.507,760,15,246,335,400,230,114,1903,1087,1109,833,570,254,539,76.6,51.4,5.2,3.6,72.7,49.5,75.9,53.2
"2009. 08",84.265,87.713,99.919,82.734,82.69,109.473,79.056,86.697,129.553,122.399,104.544,121.741,99.581,98.917,93.358,144.192,96.188,81.867,88.939,80.008,85.037,80.61,73.356,97.857,89.697,87.709,92.507,881,15,237,332,392,233,107,1966,1088,1111,822,552,266,559,75.5,49.7,5,3.3,71.8,48,75,51.9
"2009. 09",82.839,87.865,100.557,82.806,82.69,110.118,78.983,86.779,129.553,122.399,104.304,121.741,100.138,98.917,93.358,144.192,96.188,81.867,88.939,80.008,85.037,80.61,73.356,97.857,89.697,87.709,92.507,1321,10,233,334,396,238,106,2044,1090,1112,812,562,277,551,74.5,50.5,4.9,3.2,70.9,48.9,74.5,52.8
"2009. 10",82.681,87.485,100.739,82.878,82.69,106.616,79.056,86.779,129.553,122.399,104.304,121.741,100.138,98.917,93.358,144.192,96.188,81.867,88.939,80.8,85.037,80.61,73.356,97.857,89.697,87.709,92.507,1902,11,235,338,393,235,106,2040,1091,1114,818,557,273,557,75,50,4.9,3.1,71.4,48.4,75,52.3
"2009. 11",79.988,88.473,101.559,84.316,82.762,110.118,79.492,87.024,129.553,122.399,104.304,121.741,100.138,98.917,93.358,144.192,94.333,81.867,88.939,82.456,85.037,80.61,73.356,97.857,89.697,87.709,92.507,1995,14,233,337,395,234,110,1912,1093,1115,824,566,269,550,75.4,50.7,5.3,4.2,71.5,48.6,75.1,52.5
"2009. 12",82.998,88.473,101.742,84.316,82.834,110.026,79.347,87.27,129.553,122.399,104.304,121.741,100.138,98.917,93.358,144.192,94.333,81.867,88.939,82.456,85.037,80.61,73.356,97.857,89.697,87.709,92.507,1611,10,235,340,391,231,92,1874,1094,1117,814,547,280,570,74.4,49,4.3,4.9,71.2,46.6,75.4,51.2
"2010. 01",84.504,89.143,103.326,84.308,83.414,112.48,78.589,87.402,129.581,122.399,104.367,121.665,100.118,98.92,93.397,143.593,94.289,86.116,90.714,84.102,84.991,82.111,73.293,97.857,89.535,87.842,92.507,1246,17,229,335,392,226,83,2352,1097,1119,815,552,282,567,74.3,49.4,5.6,7.1,70.1,45.8,74.7,50.7
"2010. 02",86.714,89.054,102.916,83.8,83.414,112.365,78.825,87.402,129.581,122.399,104.367,121.665,100.118,98.92,93.397,143.593,94.289,86.116,90.714,84.102,85.852,82.111,73.293,97.857,89.716,89.001,92.507,913,13,229,333,390,225,91,2034,1099,1120,819,549,280,571,74.5,49,6.1,6.8,70,45.7,74.4,50
"2010. 03",87.818,89.143,102.505,83.885,84.604,114.205,78.51,87.402,140.091,122.399,105.101,123.015,101.128,100.728,95.297,157.735,94.289,86.116,90.714,82.043,85.852,83.651,73.293,97.857,89.806,89.001,92.507,1674,11,227,333,391,235,104,2215,1100,1122,822,554,278,567,74.7,49.4,5.5,5.4,70.6,46.7,74.9,50.6
"2010. 04",91.04,89.502,102.813,83.8,84.604,116.16,78.51,87.578,140.091,122.399,105.101,123.015,101.128,100.728,95.297,157.735,94.289,86.116,90.714,82.043,85.852,85.19,75.797,97.857,89.987,88.912,92.507,1621,12,235,332,393,242,117,2100,1101,1123,833,566,268,557,75.7,50.4,5.1,4.3,71.8,48.2,75.6,51.7
"2010. 05",89.936,89.681,102.711,83.969,84.604,116.275,79.22,87.755,140.091,122.399,105.101,123.015,101.128,100.728,95.297,157.735,94.289,86.116,90.714,82.043,85.852,86.644,75.797,97.857,89.987,89.447,92.507,1875,12,237,333,397,249,124,2095,1103,1125,840,568,263,557,76.2,50.5,4.4,3.5,72.8,48.7,76.7,52.1
"2010. 06",88.095,89.771,102.505,84.561,84.604,115.125,79.299,87.931,140.091,122.399,105.101,123.015,101.128,100.728,95.297,157.735,94.289,86.116,90.714,82.043,85.852,86.644,77.011,97.857,89.987,89.447,92.507,1224,13,237,334,395,249,117,1980,1104,1126,834,572,270,555,75.5,50.8,4.5,4,72.1,48.7,76.1,52.5
"2010. 07",89.383,89.861,102.403,84.561,85.369,115.7,78.983,88.196,140.091,122.399,105.101,123.015,101.128,100.728,95.297,157.735,94.289,86.116,90.714,82.043,85.852,86.644,77.011,97.857,90.077,89.447,92.507,953,20,237,343,394,253,121,2034,1106,1128,854,583,253,545,77.2,51.7,4.9,4.5,73.4,49.4,77.3,53
"2010. 08",92.329,89.861,102.608,84.73,85.624,115.24,78.904,88.549,140.091,122.399,105.101,123.015,101.128,100.728,95.297,157.735,95.243,86.116,90.714,82.043,85.852,86.644,77.011,97.857,90.077,89.447,92.507,1014,13,224,338,393,252,120,2153,1108,1130,828,570,280,560,74.7,50.4,4.4,4,71.4,48.4,75.3,52
"2010. 09",102.087,89.681,102.403,84.73,86.305,113.515,78.983,88.637,140.091,122.399,104.891,123.015,101.33,100.728,95.297,157.735,97.149,86.116,90.714,82.043,85.852,86.644,77.011,97.857,90.077,89.447,92.507,1131,9,226,336,396,255,115,2266,1110,1131,846,560,264,571,76.2,49.5,4.9,4.8,72.5,47.2,76.3,50.9
"2010. 10",102.455,89.95,102.403,84.815,86.305,114.32,79.457,88.901,140.091,122.399,104.891,123.015,101.33,100.728,95.297,157.735,97.149,86.116,90.714,82.043,85.852,86.644,77.011,97.857,90.077,89.447,92.507,2082,9,225,335,396,266,117,2365,1111,1133,854,566,257,567,76.9,49.9,5,5.5,73,47.2,76.9,50.8
"2010. 11",95.735,89.771,102.3,85.745,85.794,115.355,77.563,89.166,140.091,122.399,104.891,123.015,101.33,100.728,95.297,157.735,97.149,86.116,90.714,82.043,87.66,86.644,77.011,97.857,90.98,89.447,92.507,1916,9,232,337,402,263,116,2279,1113,1135,854,570,260,565,76.7,50.2,4.8,4,73,48.2,76.8,52
"2010. 12",94.354,90.758,102.198,85.745,85.794,119.38,80.167,89.43,140.091,122.399,104.891,123.015,101.33,100.728,95.297,157.735,97.149,86.116,90.714,82.043,87.66,86.644,77.011,97.857,92.785,89.447,92.507,1758,13,222,341,402,259,103,1879,1115,1137,851,569,265,568,76.3,50.1,5.5,5.8,72.1,47.1,76.4,51.4
"2011. 01",98.496,91.654,103.224,85.83,85.794,123.98,79.93,89.607,140.091,122.399,104.891,123.015,101.33,100.728,95.297,157.735,97.149,86.116,92.528,82.043,87.66,86.644,77.011,97.857,92.965,90.696,92.507,1246,18,221,336,396,251,93,2590,1117,1139,835,555,282,584,74.7,48.7,5,6.2,71,45.7,75.5,50.3
"2011. 02",100.338,92.282,103.018,86.422,86.05,125.706,80.561,89.695,140.091,122.399,104.891,123.015,101.33,100.728,95.297,157.735,97.149,86.116,92.528,82.043,88.608,86.644,77.011,97.857,93.055,90.963,92.969,1121,18,217,338,384,259,95,2102,1119,1141,840,553,279,587,75.1,48.5,6.2,5.5,70.4,45.8,74.9,50.3
"2011. 03",99.693,93.179,102.916,86.506,88.175,130.766,80.877,89.96,146.453,100,105.626,123.506,103.654,100.728,97.482,164.884,97.149,89.302,92.528,84.432,90.416,88.184,78.225,97.857,93.146,90.963,92.969,1603,18,213,341,392,268,102,2325,1120,1143,861,563,260,579,76.8,49.3,6.3,6.2,72,46.2,76.3,50.5
"2011. 04",98.036,93.269,102.711,86.506,88.175,131.686,80.246,90.048,146.453,100,105.626,123.506,103.654,100.728,97.482,164.884,97.149,89.302,92.528,84.432,90.416,88.184,78.225,97.857,92.965,90.963,92.969,1656,16,213,344,399,280,117,2299,1122,1144,860,584,262,560,76.7,51,4.9,5.7,72.9,48.2,76.7,52.3
"2011. 05",95.275,93.896,102.916,87.69,88.175,130.076,81.745,90.665,146.453,100,105.626,123.506,103.654,100.728,97.482,164.884,97.149,89.302,92.528,84.432,90.416,88.184,78.225,97.857,93.055,90.963,92.969,1893,18,221,344,407,287,124,2106,1124,1146,866,596,259,551,77,52,4.2,4.2,73.8,49.8,77.6,53.7
"2011. 06",96.471,94.076,103.018,87.859,88.175,129.156,82.297,90.93,146.453,100,105.626,123.506,103.654,100.728,97.482,164.884,97.149,89.302,92.528,84.432,90.416,88.184,78.225,98.836,93.055,90.963,92.969,1380,16,218,345,408,291,126,1986,1125,1148,865,607,260,541,76.9,52.8,4.4,5,73.5,50.2,77.2,54.3
"2011. 07",98.496,94.614,102.711,87.944,88.77,131.686,82.613,91.371,146.453,100,105.626,123.506,103.553,100.728,97.482,164.884,97.149,89.302,92.528,84.432,90.416,88.184,78.225,98.836,93.055,91.498,92.969,900,20,220,340,414,289,117,2135,1127,1150,872,601,255,549,77.4,52.3,5.4,4.5,73.3,49.9,77.2,54.3
"2011. 08",103.928,94.704,102.711,87.944,88.77,131.801,82.455,91.459,146.453,100,105.626,123.506,103.553,100.728,97.482,164.884,97.149,89.302,92.528,84.432,90.416,88.184,84.294,98.836,93.055,91.498,92.969,998,21,220,335,412,292,120,2250,1129,1152,863,598,266,554,76.5,51.9,4.3,4,73.2,49.8,77.3,54
"2011. 09",102.363,94.883,102.608,87.944,88.77,132.031,82.849,91.547,146.453,100,105.206,123.506,103.452,100.728,97.482,164.884,97.149,89.302,92.528,84.432,90.416,88.184,88.012,98.836,93.055,91.498,92.969,1169,16,216,337,409,288,121,2184,1130,1154,858,589,273,565,75.9,51.1,4.4,3.7,72.5,49.2,76.5,53.3
"2011. 10",98.036,95.062,102.711,88.028,88.77,133.641,82.06,91.724,146.453,100,105.206,123.506,103.452,100.728,97.482,164.884,97.149,89.302,92.528,84.432,90.416,88.184,88.012,99.618,93.055,91.766,92.969,2257,14,219,338,417,300,126,2141,1132,1156,866,606,265,550,76.6,52.4,3.9,4.3,73.6,50.2,77.3,54.6
"2011. 11",96.563,95.69,102.711,90.058,88.77,133.066,82.613,91.988,146.453,100,105.206,123.506,103.452,100.728,97.482,164.884,98.103,89.302,92.528,84.432,90.416,88.184,89.226,99.618,93.055,91.766,92.969,2054,15,221,339,416,296,130,2108,1134,1158,868,607,266,552,76.6,52.4,4.6,3,73,50.8,76.7,55.1
"2011. 12",99.141,95.6,102.403,90.058,89.196,131.111,82.928,92.253,146.453,100,105.206,123.506,103.452,100.728,97.482,164.884,98.103,90.25,92.528,84.432,90.416,88.184,89.226,99.618,93.236,92.479,95.097,1736,17,223,338,417,300,122,1892,1137,1160,871,602,266,558,76.6,51.9,3.9,3.9,73.6,49.9,77.7,54.5
"2012. 01",102.722,95.932,102.988,90.058,89.247,131.801,82.936,92.279,146.494,100,105.217,123.519,103.411,100.728,97.492,164.899,96.215,90.258,92.528,86.046,90.399,89.732,89.226,99.618,93.561,93.398,95.069,1113,16,214,330,409,290,117,2546,1138,1162,856,594,282,568,75.2,51.1,5,5.2,71.5,48.4,75.4,53
"2012. 02",102.409,96.587,102.516,90.286,90.156,134.699,84.42,92.482,146.494,100,105.217,123.519,103.411,100.728,97.492,164.899,96.215,90.258,92.528,87.652,90.399,91.254,90.448,99.618,93.561,93.398,95.069,1299,16,212,333,407,293,116,2211,1140,1164,855,598,285,566,75,51.4,5.1,5.6,71.2,48.5,75.1,53
"2012. 03",103.863,96.865,102.003,90.455,90.964,137.264,84.42,92.606,123.219,100,101.64,101.162,100.936,100.728,97.197,107.851,96.215,93.264,92.528,89.596,92.999,91.254,90.448,99.618,94.13,94.156,95.069,1839,16,224,338,419,295,123,2492,1142,1166,876,611,266,555,76.7,52.4,4.6,5.1,73.2,49.7,77.1,54.3
"2012. 04",101.028,96.578,101.746,90.464,90.964,138.713,83.173,92.808,123.219,100,101.64,101.162,100.936,100.728,97.197,107.851,99.905,93.264,92.528,89.596,92.999,91.254,90.448,99.618,94.13,94.432,95.069,1580,21,219,341,415,303,139,2270,1143,1168,885,624,258,545,77.4,53.4,4.4,5.1,74,50.7,77.4,54.8
"2012. 05",100.669,97.116,101.941,91.757,91.185,137.816,84.349,92.958,123.219,100,101.64,101.162,100.936,100.728,97.197,107.851,99.905,93.264,92.528,89.596,92.999,91.254,90.448,99.618,94.527,94.432,95.069,1515,22,215,337,419,305,148,2251,1145,1170,882,632,263,538,77,54,4.4,4.8,73.6,51.4,76.7,55.2
"2012. 06",99.868,96.919,101.664,92.476,91.143,134.055,84.585,93.073,123.219,100,101.64,101.162,100.936,100.728,97.197,107.851,99.905,93.264,92.528,89.596,92.999,91.254,91.047,99.618,94.671,94.432,96.781,1625,20,215,344,417,308,147,2236,1146,1172,884,635,262,538,77.2,54.1,4.7,4.2,73.5,51.8,76.6,55.9
"2012. 07",99.353,95.986,101.469,92.476,91.355,128.845,83.41,93.188,123.219,100,101.64,101.162,100.936,100.728,97.197,107.851,99.905,94.9,92.528,91.219,93.86,91.254,91.047,99.618,95.104,94.432,96.781,1077,24,227,339,413,306,143,2281,1148,1174,893,628,255,546,77.8,53.5,4.7,4.4,74.1,51.1,77.5,55.2
"2012. 08",99.905,96.587,101.305,92.468,91.355,131.744,84.017,93.399,123.219,100,101.64,101.162,100.936,100.728,97.197,107.851,99.905,94.9,92.528,92.85,93.86,91.254,91.047,99.618,95.565,94.432,96.781,960,22,211,340,410,310,138,2385,1150,1176,878,619,271,557,76.4,52.6,4.4,4.6,73,50.2,76.6,54.3
"2012. 09",105.492,97.313,101.346,92.459,91.432,135.516,84.767,93.54,123.219,100,101.115,101.162,100.936,100.728,97.197,107.851,99.905,94.9,92.528,92.85,93.86,91.254,91.047,99.618,95.565,94.798,96.781,1326,15,208,344,412,316,142,2420,1151,1178,874,622,277,556,75.9,52.8,3.9,4.2,73,50.6,76.4,54.8
"2012. 10",104.167,97.206,100.997,92.459,91.976,135.102,84.357,93.69,123.219,100,101.115,101.162,100.936,100.728,97.197,107.851,99.905,94.9,92.528,92.85,93.86,91.254,91.047,99.618,95.565,94.798,96.781,2088,16,215,347,414,317,142,2461,1152,1180,879,630,273,550,76.3,53.4,3.9,3.7,73.3,51.4,77,55.8
"2012. 11",100.816,97.062,101.305,93.745,91.959,131.249,84.775,93.752,123.219,100,101.115,101.162,100.936,100.728,97.197,107.851,99.905,94.9,92.528,92.85,93.86,91.254,91.047,99.618,96.025,94.798,96.781,1984,15,218,344,410,324,141,2227,1154,1182,881,627,273,555,76.4,53.1,4.3,2.9,73.1,51.5,76.7,56
"2012. 12",102.335,97.116,101.438,93.753,92.138,130.697,84.672,93.831,123.219,100,101.115,101.162,100.936,100.728,97.197,107.851,99.905,94.9,92.528,92.85,93.86,92.777,92.246,99.618,96.025,95.511,96.781,1673,14,216,340,407,314,133,2001,1157,1184,875,617,282,567,75.6,52.1,4.9,4.1,71.9,50,75.6,54.8
"2013. 01",105.566,97.062,102.177,93.753,92.554,130.398,83.781,93.893,123.219,100,101.115,101.162,100.936,100.728,97.197,107.851,99.905,94.9,94.098,94.506,96.444,92.777,92.246,101.067,96.485,96.626,96.781,1314,17,207,332,396,313,125,2539,1158,1185,870,603,289,582,75.1,50.9,5.9,5.2,70.6,48.2,74.5,53.3
"2013. 02",106.818,97.439,101.982,93.778,92.554,131.732,85.059,93.955,123.219,100,101.115,101.162,100.936,100.728,97.197,107.851,99.905,94.9,94.098,94.506,96.444,92.777,93.445,101.067,95.565,97.705,96.781,1036,19,204,334,389,308,133,2182,1160,1187,866,607,294,581,74.6,51.1,6.5,4.8,69.8,48.7,73.4,53.6
"2013. 03",103.964,97.699,101.613,93.821,93.311,133.848,84.846,93.981,89.448,100,100.108,100.966,100.219,100.427,97.976,85.099,99.905,94.9,95.812,96.17,98.269,94.291,98.832,101.067,95.565,98.205,96.781,1785,16,201,344,400,323,146,2300,1162,1189,874,621,288,568,75.2,52.2,4.8,3.6,71.7,50.3,75,55.1
"2013. 04",103.467,97.08,101.182,93.804,93.328,131.376,83.015,94.034,89.448,100,100.108,100.966,100.219,100.427,97.976,85.099,99.905,94.9,95.812,96.17,98.269,94.291,98.832,101.067,95.862,98.205,97.854,1549,17,204,343,398,334,157,2096,1163,1191,881,634,283,557,75.7,53.3,4.6,3.4,72.2,51.5,75.4,55.8
"2013. 05",102.234,97.242,100.884,94.717,93.328,127.741,84.325,94.131,90.333,100,100.108,100.966,100.219,100.427,97.976,85.099,99.905,94.9,95.812,96.17,98.269,94.291,98.832,101.067,96.765,98.205,97.854,1692,19,212,343,399,329,158,2045,1165,1193,888,630,277,563,76.2,52.8,4.4,2.9,72.9,51.2,75.9,55.4
"2013. 06",100.844,97.412,101.274,95.013,94.45,127.408,84.357,94.308,90.333,100,100.108,100.966,100.219,100.427,97.976,85.099,99.905,95.882,96.511,96.17,98.269,94.291,98.832,101.067,96.765,97.937,97.854,1504,18,212,344,402,336,159,1909,1167,1195,892,632,275,563,76.5,52.9,4.1,2.7,73.3,51.5,76.4,55.7
"2013. 07",100.743,97.286,101.336,95.038,94.765,129.225,82.652,94.361,90.333,100,100.108,100.966,100.219,100.427,97.976,85.099,99.905,95.882,96.511,96.17,98.269,94.291,98.832,101.067,97.018,97.937,97.854,1050,16,209,342,402,335,156,2162,1169,1196,890,633,278,563,76.2,52.9,4.3,4.1,73,50.8,76.1,55
"2013. 08",104.802,97.017,101.223,95.013,94.765,130.341,84.001,94.511,90.333,100,100.108,100.966,100.219,100.427,97.976,85.099,99.905,95.882,96.511,96.17,98.269,94.291,98.832,101.067,97.018,97.937,97.854,1001,15,212,340,405,333,158,2203,1170,1198,887,637,283,561,75.8,53.1,4.1,3.8,72.7,51.1,75.9,55.2
"2013. 09",104.305,97.968,101.438,95.038,94.765,129.363,84.783,94.722,90.472,100,100.098,100.966,100.219,100.427,97.976,85.099,99.905,95.882,96.511,96.17,98.269,94.291,98.832,101.781,97.117,95.957,97.854,1186,12,217,346,403,332,164,2129,1172,1200,888,639,284,561,75.8,53.2,3.9,2.9,72.8,51.7,75.9,55.7
"2013. 10",99.739,98.04,101.962,95.038,94.952,127.684,84.988,95.066,90.472,100,100.098,100.966,100.219,100.427,97.976,85.099,99.905,95.882,96.511,96.17,98.269,94.291,98.832,101.781,97.117,94.807,97.854,2098,12,206,351,407,337,165,2144,1174,1202,895,639,279,563,76.2,53.2,3.7,3.5,73.4,51.3,76.7,55.2
"2013. 11",96.462,98.685,101.654,97.973,94.952,126.258,85.95,95.357,90.472,100,100.098,100.966,100.219,100.427,97.976,85.099,99.905,95.882,96.511,96.17,98.269,94.291,98.832,101.781,97.631,94.807,97.854,2000,9,209,344,407,331,159,1972,1175,1203,885,630,291,574,75.3,52.3,3.2,4.3,72.8,50,76.5,53.8
"2013. 12",96.692,98.515,100.915,97.854,95.326,126.683,85.09,95.595,90.472,100,100.098,100.966,100.219,100.427,97.976,85.099,101.754,95.882,96.511,96.17,98.269,94.291,100,101.781,97.631,94.807,97.854,1795,11,211,345,402,334,150,1879,1177,1205,884,627,294,579,75.1,52,3.5,4.2,72.5,49.8,76.4,54.2
"2014. 01",99.03,98.614,101.613,97.973,95.326,128.282,84.767,96.001,90.472,100,100.098,100.966,100.219,100.427,97.976,85.099,101.754,98.146,96.511,97.825,98.269,95.822,100,101.781,98.011,96.243,97.854,1209,19,205,338,400,331,141,2362,1179,1207,892,632,286,575,75.7,52.4,5.4,6.6,71.6,48.9,76,53.4
"2014. 02",100.485,99.071,101.459,97.88,95.335,127.787,85.801,96.001,90.472,100,100.098,100.966,100.219,100.427,97.976,85.099,101.754,98.146,96.511,97.825,98.269,95.822,100,101.781,98.011,96.243,97.854,1212,17,206,332,404,334,143,2192,1180,1209,891,636,290,573,75.5,52.6,5.5,6.5,71.3,49.2,75.6,53.7
"2014. 03",99.886,99.286,101.469,97.795,95.853,127.638,86.029,96.177,95.989,100,99.993,100.266,100.017,100.126,99.344,94.548,101.754,98.146,96.511,97.825,98.269,95.822,100,101.781,98.101,96.243,97.854,1716,14,200,336,407,341,158,2219,1182,1210,897,638,285,572,75.9,52.7,4.9,5.6,72.2,49.8,75.8,53.8
"2014. 04",98.957,98.963,101.1,97.711,95.768,127.028,85.816,96.424,95.989,100,99.993,100.266,100.017,100.126,99.344,94.548,101.754,98.146,96.511,97.825,98.269,95.822,100,101.781,98.101,96.243,97.854,1640,15,208,340,407,350,167,2246,1184,1212,906,651,278,561,76.5,53.7,4.5,4.3,73,51.4,76.6,55.1
"2014. 05",99.408,99.394,101.264,98.294,96.338,126.752,86.416,96.654,95.989,100,99.993,100.266,100.017,100.126,99.344,94.548,101.754,98.146,96.511,97.825,98.269,97.344,100,101.781,97.424,96.243,97.854,1748,17,209,340,407,349,172,2118,1185,1214,907,662,278,552,76.5,54.5,4.3,5.4,73.2,51.6,76.7,55.3
"2014. 06",98.165,99.349,100.915,98.954,96.338,125.614,86.116,96.715,95.989,100,99.993,100.266,100.017,100.126,99.344,94.548,101.754,98.146,96.901,97.825,98.269,98.858,100,101.781,97.424,97.17,97.854,1414,14,206,341,409,349,177,1955,1187,1216,902,663,284,553,76,54.5,4,5,73,51.8,76.2,55.3
"2014. 07",97.125,99.358,100.648,98.954,97.197,125.211,85.974,96.857,95.989,100,99.993,100.266,100.017,100.126,99.344,94.548,101.754,98.146,96.901,97.825,98.269,98.858,100,101.781,96.72,96.537,97.854,958,17,211,341,407,350,174,2156,1188,1217,904,665,284,552,76.1,54.6,4.6,4,72.6,52.4,76,56.2
"2014. 08",99.132,99.241,100.546,98.954,97.154,123.98,86.053,97.068,95.989,100,99.993,100.266,100.017,100.126,99.344,94.548,101.754,98.146,96.901,97.825,98.269,98.858,100,101.781,96.72,96.537,97.854,940,17,211,336,402,350,170,2227,1190,1218,893,656,296,562,75.1,53.9,4.1,3.9,72,51.8,75.5,55.5
"2014. 09",99.785,99.053,100.176,99.063,97.154,121.749,86.953,97.218,95.989,100,99.983,100.266,100.017,100.126,99.344,94.548,101.754,98.146,97.835,97.825,98.269,98.858,100,101.781,96.521,97.571,97.854,1207,15,215,337,405,352,168,2248,1191,1220,895,656,295,564,75.2,53.8,3.7,4,72.4,51.6,76.1,55.6
"2014. 10",97.3,98.99,100.227,99.063,97.154,119.518,86.826,97.474,95.989,100,99.983,100.266,100.017,100.126,99.344,94.548,101.754,98.146,97.835,97.825,98.269,98.858,100,99.286,96.63,97.571,97.854,1903,15,211,336,402,348,162,2118,1191,1221,888,648,304,573,74.5,53.1,3.5,4.7,71.9,50.6,75.6,54.6
"2014. 11",96.204,98.784,99.766,100.171,96.993,116.091,86.945,97.694,95.989,100,99.983,100.266,100.017,100.126,99.344,94.548,101.754,98.146,97.835,97.825,98.269,98.858,100,99.286,98.751,97.571,97.854,1651,16,208,338,396,347,166,1937,1193,1222,895,645,298,578,75,52.7,3.8,5.5,72.2,49.8,76.2,53.7
"2014. 12",97.235,98.363,99.54,100.044,99.297,111.605,87.071,97.994,95.989,100,99.983,100.266,100.017,100.126,99.344,94.548,101.754,98.146,97.835,97.825,98.269,98.858,100,99.286,99.843,97.723,97.854,1653,15,206,339,393,347,140,2008,1194,1223,879,631,315,592,73.6,51.6,4.1,5.4,70.6,48.8,75.4,54.1
"2015. 01",99.43,100.05,100.61,99.85,99.36,100.97,99.56,98.7,96.07,100,99.98,100.22,100.02,100.12,99.37,94.92,100,98.42,100.48,97.9,100,98.92,100,99.3,98.6,98.62,100,1274,17,211,345,391,344,134,2445,1195,1225,885,638,310,586,74,52.1,5.2,5.7,70.2,49.2,75.4,55.1
"2015. 02",101.56,99.5,100.66,99.54,99.74,96.5,100,98.91,96.07,100,99.98,100.22,100.02,100.12,99.37,94.92,100,98.42,100.48,97.9,100,98.92,100,99.3,99.34,98.74,100,947,21,200,347,394,335,140,2113,1196,1226,895,638,301,588,74.8,52,6.4,6.3,70,48.8,75.1,54.3
"2015. 03",99.85,100.16,100.44,99.53,99.74,100.83,100.43,99.23,100.79,100,100,99.96,100,99.98,100.12,101.02,100,98.42,100.48,99.46,100,98.92,100,99.3,99.52,98.74,100,1702,12,201,346,398,341,165,2262,1197,1227,902,644,296,583,75.3,52.5,5.7,4.9,71,49.9,75.2,54.9
"2015. 04",99.34,99.81,99.73,99.61,100.07,100.96,98.96,99.4,100.79,100,100,99.96,100,99.98,100.12,101.02,100,98.42,100.48,99.46,100,100.36,100,99.3,99.52,100.06,100,1483,14,208,337,403,345,177,2201,1199,1229,921,647,277,582,76.9,52.6,6.3,4.2,72,50.4,76.2,55
"2015. 05",101.37,100.34,99.85,99.82,100.07,102.78,99.99,99.71,100.79,100,100,99.96,100,99.98,100.12,101.02,100,98.42,99.76,99.46,100,100.36,100,99.35,100.07,99.47,100,1678,14,215,334,401,345,189,2138,1200,1230,924,662,276,568,77,53.8,5.7,5.2,72.6,51,76.3,55.2
"2015. 06",100.39,100.55,100.05,99.91,100.07,104.58,99.97,100,100.79,100,100,99.96,100,99.98,100.12,101.02,100,101.13,99.76,99.46,100,100.36,100,99.35,100.07,99.94,100,1295,15,207,335,405,351,189,2011,1201,1231,919,665,282,566,76.5,54,5.2,5.4,72.6,51.1,76.2,55.6
"2015. 07",99.5,100.54,99.97,99.82,100.07,103.92,99.66,100.26,100.79,100,100,99.96,100,99.98,100.12,101.02,100,101.13,99.76,101.06,100,100.36,100,99.35,100.56,99.94,100,964,18,209,333,402,354,186,2194,1202,1232,918,664,284,569,76.4,53.9,4.5,5.9,73,50.7,76.8,55.2
"2015. 08",101.38,100.42,100.48,99.95,100.12,101.75,100.39,100.49,100.79,100,100,99.96,100,99.98,100.12,101.02,100,101.13,99.76,101.06,100,100.36,100,99.35,101.06,100.37,100,968,15,213,336,395,350,184,2031,1203,1234,918,648,286,586,76.2,52.5,4.9,4.2,72.5,50.3,76.2,54.8
"2015. 09",101.28,99.76,99.5,99.93,100.12,99.2,100.16,100.54,100.79,100,100,99.96,100,99.98,100.13,101.02,100,101.13,99.76,101.06,100,100.36,100,101.35,99.65,101.02,100,1282,14,218,334,400,358,184,2131,1205,1235,921,662,283,573,76.5,53.6,5.3,4,72.4,51.5,76.3,56.2
"2015. 10",99.33,99.68,99.46,99.92,100.12,97.9,100.01,100.75,100.79,100,100,99.96,100,99.98,100.13,101.02,100,101.13,99.76,101.06,100,100.36,100,101.35,100.84,101.02,100,1968,13,216,336,402,360,181,2118,1206,1236,919,662,287,575,76.2,53.5,4.8,4.4,72.5,51.2,76.4,56
"2015. 11",96.76,99.67,99.6,101.11,100.12,96.11,100.21,100.93,100.79,100,100,99.96,100,99.98,100.13,101.02,100,101.13,99.76,101.06,100,100.36,100,101.35,101.29,101.02,100,1792,13,223,341,403,360,180,1936,1207,1238,917,670,290,568,76,54.1,4.5,4,72.6,52,76.7,57.1
"2015. 12",99.82,99.52,99.66,101.01,100.39,94.49,100.68,101.09,100.79,100,100,99.96,100,99.98,100.13,101.02,100,101.13,99.76,101.06,100,100.36,100,101.35,99.47,101.02,100,1765,15,223,346,402,356,161,1911,1208,1239,908,654,300,585,75.1,52.8,4.2,3.5,72,50.9,77.1,56.8
"2016. 01",101.58,99.06,100.4,100.97,100.39,91.16,99.68,101.26,100.79,100,100,99.96,100,99.98,100.13,101.02,100,101.13,102.45,102.53,100,103.32,100,101.35,98.11,101.44,101.79,1178,16,220,345,408,354,153,2285,1207,1240,914,653,294,587,75.7,52.7,4.4,4.6,72.3,50.2,77.8,56.5
"2016. 02",105.76,98.82,99.54,101,100.44,88.28,101.15,101.43,100.79,100,100,99.96,100,99.98,100.13,101.02,100,101.13,102.45,102.53,100,103.32,98.44,101.35,99.36,101.44,101.79,996,13,213,340,403,356,159,2014,1209,1242,925,660,284,581,76.5,53.2,7,5.6,71.2,50.2,76.4,56.2
"2016. 03",102.86,98.85,99.69,101.15,100.44,87.47,101.22,101.58,98.27,100,99.99,99.67,100.03,99.81,100.66,105.04,100,102.8,102.45,104.18,102.47,104.82,98.44,101.66,100.92,101.44,101.79,1504,10,223,336,405,357,173,2148,1210,1243,929,660,281,583,76.8,53.1,5.9,4.7,72.3,50.6,76.9,56
"2016. 04",102.58,99.33,100.95,101.15,100.62,88.17,101.41,101.66,98.27,100,99.99,99.67,100.03,99.81,100.66,105.04,100,102.8,102.45,104.18,102.47,106.5,98.44,101.66,100.92,101.44,101.79,1484,10,228,337,408,362,178,2101,1211,1244,926,679,285,565,76.4,54.6,5.6,4.6,72.2,52.1,76.9,57.4
"2016. 05",100.54,99.55,100.87,101.67,100.62,90.07,101.41,101.86,98.27,100,99.99,99.67,100.03,99.81,100.66,105.04,100,102.8,102.45,104.18,102.47,106.5,98.44,101.66,100.92,101.44,101.79,1519,14,233,340,406,365,183,1974,1213,1246,935,682,278,563,77.1,54.8,5.6,3.8,72.8,52.7,77.5,57.9
"2016. 06",98.62,100.08,101,101.66,100.62,94.6,101.48,102.05,98.27,100,99.99,99.67,100.03,99.81,100.66,105.04,100,103.58,102.45,104.18,102.47,106.5,98.44,101.66,101.59,101.44,101.79,1292,12,226,340,408,356,187,1889,1214,1247,943,674,271,573,77.7,54.1,6.3,4.3,72.8,51.7,77.5,56.7
"2016. 07",98.97,99.92,101.53,101.64,100.48,94.81,100.95,102.18,98.27,100,99.99,99.67,100.03,99.81,100.66,105.04,100,103.58,102.45,104.18,102.47,106.5,98.44,101.66,99.28,101.44,101.79,983,16,235,342,406,364,187,2024,1215,1248,948,681,267,567,78,54.6,5.8,3.7,73.5,52.6,78.3,57.8
"2016. 08",101.07,99.82,101.7,101.64,100.48,93.25,100.84,102.24,98.27,100,99.99,99.67,100.03,99.81,100.66,105.49,100,103.58,102.45,104.18,102.47,106.5,98.44,101.66,101.74,101.44,101.79,952,18,226,338,408,364,182,1956,1216,1249,932,673,284,576,76.7,53.9,4.3,4.5,73.3,51.5,78.3,56.7
"2016. 09",108.73,99.87,101.83,101.66,100.48,92.62,101.2,102.37,98.27,100,100.03,99.67,100.02,99.81,100.97,105.49,99.1,103.58,102.45,104.18,102.47,106.5,98.44,101.66,102.46,101.44,101.79,1077,15,223,340,400,366,180,2050,1217,1250,935,663,282,587,76.9,53.1,4.9,4.5,73.1,50.7,78,55.9
"2016. 10",105.67,100,101.62,101.89,100.48,92.83,100.86,102.64,98.27,100,100.03,99.67,100.02,99.81,100.97,105.49,99.1,103.58,102.45,104.18,102.47,106.5,98.44,101.66,102.07,101.44,101.79,1868,13,228,341,395,369,183,1780,1218,1251,938,660,280,591,77,52.7,4.2,4.7,73.8,50.3,78.9,55.5
"2016. 11",104.58,100.04,100.29,102.46,101.02,93.83,100.98,102.8,98.27,100,100.03,99.67,100.02,99.81,100.97,105.49,99.1,103.58,102.45,104.18,102.47,106.5,98.44,101.66,99.33,101.44,101.79,1760,12,214,342,400,371,186,1803,1219,1252,933,660,286,592,76.5,52.7,4.2,4.4,73.3,50.4,78.2,55.7
"2016. 12",106.72,100.23,100.65,102.38,101.18,95.52,101.14,102.96,98.27,100,100.03,99.67,100.02,99.81,100.97,105.49,99.1,103.58,102.45,104.18,102.47,106.5,98.44,101.66,100.53,101.44,101.79,1479,12,218,340,398,369,174,1585,1220,1253,919,655,301,597,75.3,52.3,3.9,4.1,72.4,50.1,77.6,56.1
"2017. 01",110.71,100.96,101.05,102.4,101.33,99.34,100.47,103.03,98.27,100,100.03,99.67,100.02,99.8,100.97,105.5,99.1,103.58,102.45,104.18,102.47,106.51,98.44,101.66,102.03,103,101.79,1087,13,211,335,399,367,166,1985,1221,1254,915,660,307,593,74.9,52.7,5.4,5.3,70.8,49.9,76.1,56.4
"2017. 02",111.08,101.3,101.54,102.5,102.18,100.51,101.25,103.27,98.27,100,100.03,99.67,100.02,99.8,100.97,105.5,99.1,103.58,103.08,104.18,102.47,106.51,98.44,101.66,102.11,103,101.79,1159,16,219,336,400,363,170,1732,1222,1255,934,671,289,584,76.4,53.5,7,5.4,71,50.6,76.4,57.2
"2017. 03",108.76,101.14,101.14,102.52,102.18,100.16,101.33,103.63,99.58,100,100.01,98.99,99.95,99.35,101.58,108.03,99.1,103.58,103.08,104.18,102.47,108.39,98.44,101.66,104.87,103,101.79,1348,14,219,335,397,366,188,1900,1224,1256,936,666,288,590,76.5,53,5.7,4.2,72.1,50.8,76.9,56.9
"2017. 04",107.1,100.85,101.64,102.54,102.18,98.53,99.96,103.65,99.58,100,100.01,98.99,99.95,99.35,101.58,108.03,100.85,103.58,103.08,104.18,102.47,108.39,99.76,101.66,105.64,103,101.79,1447,16,220,339,396,367,186,1696,1224,1256,942,666,282,591,76.9,53,5.6,4.8,72.6,50.4,77.6,56.5
"2017. 05",105.76,101.09,101.85,102.95,102.18,98.24,100.89,103.89,99.58,100,100.01,98.99,99.95,99.35,101.58,108.03,101.77,103.58,103.08,104.18,102.47,108.39,99.76,101.66,105.64,103.64,101.79,1471,17,231,337,394,374,196,1696,1226,1257,951,675,275,583,77.6,53.7,5.2,4.2,73.6,51.4,78.3,57.4
"2017. 06",104.87,101.04,101.76,102.95,103.34,96.84,101.69,103.98,99.58,100,100.01,98.99,99.95,99.35,101.58,108.03,101.77,103.58,103.08,104.18,102.47,108.39,99.76,101.66,105.89,104.29,101.79,1099,19,227,334,392,382,196,1696,1226,1258,954,666,272,592,77.8,52.9,4.9,3.7,74,51,78.8,56.9
"2017. 07",104.38,100.62,101.74,102.9,102.49,94.6,100.51,104.16,99.58,100,100.01,98.99,99.95,99.35,101.58,108.03,101.77,103.58,103.08,104.18,102.47,108.39,99.76,101.66,105.4,104.69,101.79,729,17,231,335,392,377,194,1743,1227,1259,951,661,276,598,77.5,52.5,4.7,3.3,73.9,50.7,78.7,56.6
"2017. 08",109.95,100.85,101.55,102.64,102.49,96.39,101.49,104.3,99.58,100,100.01,98.99,99.95,99.35,101.58,108.03,101.77,103.58,103.08,104.18,102.47,108.39,99.76,101.66,105.88,104.69,101.79,739,15,222,334,389,372,190,1753,1228,1260,934,660,294,600,76.1,52.4,5.4,3.2,71.9,50.7,76.8,56.6
"2017. 09",112.25,101.09,101.84,102.69,102.49,98.13,101.31,104.34,99.58,100,100.01,98.99,99.95,99.35,101.58,108.03,101.77,103.58,103.08,104.18,102.47,108.39,99.76,101.66,105.7,104.69,101.79,1185,12,226,335,392,376,200,1786,1229,1261,936,674,293,587,76.2,53.5,5.5,2.7,72,52,76.6,57.8
"2017. 10",107.34,101.56,101.9,102.81,102.49,100.56,101.69,104.39,99.58,100,100.01,98.99,99.95,99.35,101.58,108.03,101.77,103.58,103.08,104.18,102.47,108.39,99.76,101.66,105.13,104.69,101.79,1705,13,232,334,397,382,203,1595,1230,1262,933,688,296,573,75.9,54.6,4.6,2.6,72.4,53.1,77.1,59
"2017. 11",103.77,101.35,101.52,103.51,102.49,101.85,100.39,104.5,99.58,100,100.01,98.99,99.95,99.35,101.58,108.03,101.77,103.58,103.08,104.18,102.47,108.39,99.76,101.66,106.96,104.69,101.79,1757,11,228,335,393,377,205,1553,1231,1263,928,683,303,580,75.4,54.1,4.6,2.8,71.9,52.6,76.7,58.3
"2017. 12",107.3,101.45,101.23,103.51,102.78,103.11,100.97,104.55,99.58,100,100.01,98.99,99.95,99.35,101.58,108.03,101.77,103.58,103.08,104.18,102.47,109.97,99.76,101.66,106.96,104.69,101.79,1509,10,230,335,392,377,196,1310,1232,1263,930,675,302,589,75.5,53.4,4.7,3.1,71.9,51.7,76.9,58
"2018. 01",109.87,101.42,101.21,103.53,102.78,103.65,99.78,104.66,99.58,100,100.01,98.99,99.95,99.35,101.58,108.03,101.77,103.58,104.04,105.7,105.95,111.45,99.76,101.66,108.07,105.27,101.79,1139,13,230,341,393,378,184,1900,1232,1264,931,678,301,586,75.6,53.7,4.5,4.2,72.1,51.4,77.5,58.5
"2018. 02",115.45,101.8,100.98,103.83,102.78,104.56,101.13,104.98,99.58,100,100.01,98.99,99.95,99.35,101.58,108.03,101.77,103.58,104.04,105.7,105.95,111.45,99.76,101.94,108.32,105.13,101.79,854,16,232,340,392,378,188,1700,1232,1264,932,697,300,568,75.6,55.1,4.7,5.6,72.1,52,77.3,58.9
"2018. 03",111.04,101.9,101.72,103.6,102.36,103.65,101.03,105.03,101.2,100,100.21,97.96,99.48,99.35,102.53,94.64,101.77,103.58,104.04,105.7,105.95,111.45,99.76,101.94,109.69,105.13,101.79,1333,14,234,344,387,384,207,1800,1232,1265,945,706,287,559,76.7,55.8,4.8,5.3,73.1,52.8,78,58.8
"2018. 04",110.86,101.97,101.95,103.61,102.42,102.71,101.51,105.15,101.2,100,100.21,97.96,99.48,99.35,102.53,94.64,100.17,103.58,104.04,107.24,105.95,112.95,99.76,101.94,109.23,105.13,101.79,1242,12,225,339,392,382,212,1700,1233,1266,942,701,291,565,76.4,55.4,4.5,5.4,72.9,52.4,77.3,58.2
"2018. 05",109.51,102.45,102.43,103.6,102.42,105.25,101.82,105.28,101.2,100,100.21,97.96,99.48,99.35,102.53,84.68,100.17,103.58,104.04,107.24,105.95,114.46,99.76,101.94,109.78,105.5,101.79,1338,14,236,341,397,383,216,1700,1233,1266,959,704,274,562,77.8,55.6,4.7,4.3,74.1,53.2,78.8,59.1
"2018. 06",107.81,102.82,101.85,103.6,102.69,107.96,101.8,105.27,101.2,100,100.21,97.96,99.48,99.35,102.53,84.68,100.17,103.58,104.04,107.24,105.95,114.46,99.76,101.94,109.78,105.5,101.79,1162,15,239,338,396,389,219,1600,1234,1266,954,707,280,560,77.3,55.8,4,3.9,74.2,53.6,78.8,59.5
"2018. 07",108.06,102.33,100.99,103.54,104.34,107.65,101.53,105.27,101.2,100,100.21,97.96,99.48,99.35,102.53,84.68,100.17,103.58,104.04,107.24,105.95,114.46,99.76,102.23,107.23,105.69,101.79,833,13,240,337,397,392,213,1600,1235,1268,944,712,291,556,76.5,56.1,4.1,3.7,73.3,54.1,78.1,60.3
"2018. 08",117.76,102.44,100.81,103.54,104.34,108.12,101.6,105.26,101.2,100,100.21,97.96,99.48,99.35,102.53,80.66,100.17,103.58,104.04,107.24,105.95,114.46,99.76,102.23,107.23,105.69,101.79,870,14,237,330,388,388,214,1700,1236,1269,939,701,297,567,76,55.3,4.6,3.8,72.4,53.2,77,59.2
"2018. 09",123.88,102.51,100.93,103.6,104.34,108.98,101.55,105.47,101.2,100,100.21,97.96,99.48,99.35,102.53,80.66,100.17,103.58,104.04,107.24,105.95,114.46,99.76,102.23,108.55,105.69,101.79,1100,15,240,328,387,391,216,1600,1238,1270,941,699,297,570,76,55.1,4.2,3.2,72.8,53.3,77.4,59.5
"2018. 10",118.47,103.08,101.1,103.67,104.4,112.68,101.64,105.51,101.2,100,100.21,97.96,99.48,99.35,102.53,80.66,101.03,103.58,104.04,107.24,105.95,114.46,99.76,102.23,109.73,105.69,101.79,1787,13,244,332,386,392,215,1700,1239,1271,940,703,299,567,75.9,55.3,3.6,4.1,73.2,53.1,77.9,59.2
"2018. 11",113.85,102.55,100.66,103.99,104.75,108.09,101.79,105.53,101.2,100,100.21,97.96,99.48,99.35,102.53,80.66,101.03,103.58,104.04,107.24,105.95,114.46,99.76,102.23,108.32,105.69,101.79,1669,11,238,332,393,398,220,1600,1240,1272,941,711,299,561,75.9,55.9,3.8,3.6,73,53.9,77.7,60.4
"2018. 12",114.71,101.51,100.63,103.99,104.83,98.55,101.85,105.57,101.2,100,100.21,97.96,99.48,99.35,102.53,80.66,101.03,103.58,104.04,107.24,105.95,114.46,99.76,102.23,108.66,105.69,101.79,1523,14,247,330,392,396,208,1500,1241,1273,944,705,297,568,76.1,55.4,3.9,3.6,73.1,53.4,78.1,60.4
