"연도별","농축수산물","공업제품","내구재","섬유제품","출판물","석유류","의약품","기타","집세","유치원납입금","고등학교납입금","전문대학납입금","국공립대학교납입금","사립대학교납입금","국공립대학원납입금","사립대학원납입금","보육시설이용료","독서실비","문화강습료","초등학생학원비","중학생학원비","고등학생학원비","음악학원비","미술학원비","운동학원비","전산학원비","가정학습지","이러닝이용료","학교보충교육비","취업학원비","외국어학원비","운동강습료","혼인율"
"1997. 01",55.189,58.138,97.69,62.648,50.146,46.594,"-",47.298,74.515,50.062,73.993,45.864,49.793,50.332,47.132,37.456,87.536,70.745,"-",56.143,"-",51.545,59.742,64.607,49.482,67.008,58.845,"-","-",47.144,57.643,86.057,1153
"1997. 02",56.062,58.301,97.69,62.711,50.316,47.723,"-",47.384,74.659,50.062,73.993,45.864,49.793,50.332,47.132,37.456,87.536,70.745,"-",56.143,"-",51.545,59.742,64.607,50.23,67.008,58.845,"-","-",47.144,57.643,86.057,875
"1997. 03",55.035,58.41,97.489,62.711,52.108,46.96,"-",47.515,74.659,51.483,78.272,51.395,53.278,52.821,52.609,39.889,87.536,70.745,"-",57.165,"-",53.72,59.742,64.607,51.728,67.008,62.539,"-","-",47.144,57.643,86.057,2207
"1997. 04",55.961,58.41,97.389,62.711,52.152,46.296,"-",47.601,74.948,53.424,78.272,51.395,53.278,52.821,52.609,39.889,89.726,72.556,"-",57.165,"-",53.72,59.742,64.607,51.728,67.008,62.539,"-","-",47.144,57.643,86.057,2538
"1997. 05",55.395,58.356,97.389,62.895,52.152,44.901,"-",47.687,74.948,53.424,78.272,51.395,53.278,52.821,52.609,39.889,89.726,72.556,"-",57.165,"-",53.72,59.742,64.607,51.728,67.008,62.539,"-","-",47.144,57.643,86.057,2401
"1997. 06",54.932,58.519,97.589,62.895,52.152,45.332,"-",47.817,75.165,53.424,78.272,51.395,53.278,52.821,52.609,39.889,89.726,72.556,"-",57.165,"-",53.72,59.742,64.607,51.728,67.008,62.539,"-","-",47.144,57.643,86.057,1293
"1997. 07",55.292,58.574,97.29,62.895,52.152,43.538,"-",47.947,75.382,53.424,78.272,51.395,53.278,52.821,52.609,39.889,89.726,72.556,"-",57.165,"-",53.72,62.472,64.607,53.976,67.008,62.539,"-","-",47.144,57.643,86.057,685
"1997. 08",56.474,58.791,96.99,64.433,52.152,43.439,"-",47.904,75.382,53.424,78.272,51.395,53.278,52.821,52.609,39.889,89.726,72.556,"-",57.165,"-",53.72,62.472,64.607,53.976,67.008,62.539,"-","-",47.144,59.929,86.057,738
"1997. 09",56.268,58.899,96.99,64.433,52.023,44.203,"-",47.86,75.382,53.424,78.272,51.395,53.278,52.821,52.609,39.889,89.726,72.556,"-",57.165,"-",53.72,62.472,64.607,53.976,67.008,62.539,"-","-",47.144,59.929,86.057,1216
"1997. 10",55.343,59.008,97.19,64.803,52.023,44.569,"-",47.947,75.743,53.424,78.272,51.395,53.278,52.821,52.609,39.889,89.726,72.556,"-",59.774,"-",53.72,62.472,64.607,53.976,67.008,62.539,"-","-",47.144,59.929,86.057,2865
"1997. 11",54.367,59.389,97.091,65.048,52.023,46.826,"-",47.947,75.888,53.424,78.272,51.395,53.278,52.821,52.609,39.889,89.726,72.556,"-",59.774,"-",53.72,62.472,64.607,53.976,67.008,62.539,"-","-",47.144,59.929,86.057,2644
"1997. 12",54.624,62.543,97.789,65.048,52.108,66.686,"-",48.422,75.888,53.424,78.272,51.395,53.278,52.821,52.609,39.889,89.726,72.556,"-",59.774,"-",53.72,62.472,64.607,53.976,67.008,62.539,"-","-",47.144,59.929,86.057,1900
"1998. 01",54.932,64.719,99.088,65.048,53.517,71.17,"-",51.449,75.888,53.424,78.272,51.395,53.278,52.821,52.609,39.889,89.726,73.782,"-",59.774,"-",53.72,62.472,65.722,53.976,67.008,68.798,"-","-",47.144,59.929,86.057,1070
"1998. 02",55.343,66.676,100.986,65.417,54.328,76.85,"-",52.27,75.888,53.424,78.272,51.395,53.278,52.821,52.609,39.889,89.726,73.782,"-",59.774,"-",53.761,62.472,65.722,53.976,67.008,68.798,"-","-",58.05,59.929,91.115,1299
"1998. 03",55.497,65.588,100.886,65.417,54.67,64.826,"-",53.308,75.96,53.237,78.272,51.395,53.237,52.821,52.609,39.889,89.726,73.782,"-",59.774,"-",52.382,62.472,65.722,53.976,67.008,68.798,"-","-",58.05,59.929,91.115,2195
"1998. 04",56.731,65.643,100.685,65.479,54.67,64.826,"-",53.697,76.177,52.864,78.272,51.395,53.237,52.821,52.609,39.889,89.726,73.782,"-",59.774,"-",52.382,62.472,65.722,53.976,67.008,68.798,"-","-",58.05,59.929,91.115,2371
"1998. 05",57.141,64.827,100.287,65.603,54.67,57.421,"-",54.042,75.743,52.864,78.272,51.395,53.237,52.821,52.609,39.889,89.726,73.782,"-",59.774,"-",52.382,62.472,65.722,53.976,67.008,68.798,"-","-",58.05,59.929,91.115,2285
"1998. 06",54.726,64.936,99.987,65.357,54.67,58.45,"-",54.173,75.67,52.864,78.272,51.395,53.237,52.821,52.609,39.889,89.726,73.782,"-",59.774,"-",52.382,62.472,65.722,53.976,67.008,68.798,"-","-",58.05,59.929,91.115,1006
"1998. 07",54.984,64.555,97.589,65.295,54.67,58.384,"-",54.432,75.237,52.864,78.272,51.395,53.237,52.821,52.609,39.889,89.726,72.79,"-",59.774,"-",52.382,62.472,63.902,53.976,67.008,68.798,"-","-",58.05,59.929,91.115,596
"1998. 08",57.759,64.12,95.092,65.295,54.67,58.35,"-",54.475,75.021,52.864,78.272,51.395,53.237,52.821,52.609,39.889,89.726,70.745,"-",59.774,"-",52.382,62.472,60.26,53.976,67.008,68.798,"-","-",58.05,59.929,91.115,649
"1998. 09",58.94,64.501,95.292,65.233,55.608,59.745,"-",54.691,74.876,52.864,78.272,51.395,53.709,52.821,52.609,40.69,88.291,70.745,"-",59.774,"-",50.292,62.472,60.26,53.976,67.008,68.798,"-","-",58.05,59.929,91.115,1350
"1998. 10",59.609,64.936,95.393,65.417,55.608,62.469,"-",54.865,74.732,52.864,78.272,51.395,53.709,52.821,52.609,40.69,87.536,70.745,"-",59.774,"-",49.247,62.472,60.26,53.976,67.008,68.798,"-","-",58.05,59.929,91.115,2202
"1998. 11",58.889,65.045,95.092,65.664,55.608,63.067,"-",54.865,74.08,52.864,78.272,51.395,53.709,52.821,52.609,40.69,87.536,70.745,"-",59.774,"-",49.247,62.472,60.26,53.976,67.008,68.798,"-","-",58.05,59.929,91.115,2916
"1998. 12",59.197,64.882,94.493,65.91,55.823,61.74,"-",55.21,74.153,52.864,78.272,51.395,53.709,52.821,52.609,40.69,87.536,70.745,"-",59.774,"-",49.247,62.472,60.26,53.976,67.008,68.798,"-","-",58.05,59.929,91.115,1990
"1999. 01",59.609,64.609,94.293,65.787,56.334,58.883,"-",56.248,74.225,52.864,78.272,51.395,53.709,52.821,52.609,40.69,87.536,70.745,"-",59.774,"-",49.247,62.472,60.26,53.976,67.008,68.798,"-","-",58.05,59.929,91.115,1141
"1999. 02",61.458,64.609,94.693,65.787,57.23,58.35,"-",56.291,74.225,52.864,78.272,51.395,53.709,52.821,52.609,40.69,87.536,73.782,"-",57.677,"-",49.247,62.472,60.26,53.976,67.008,68.798,"-","-",58.05,59.929,91.115,853
"1999. 03",61.613,64.555,94.493,65.787,57.23,58.35,"-",56.334,73.792,52.864,85.599,51.395,55.173,52.821,52.609,42.907,87.536,73.782,"-",57.677,"-",48.536,62.472,60.26,53.976,67.008,68.798,"-","-",58.05,59.929,91.115,2167
"1999. 04",62.383,64.827,94.992,65.787,57.23,60.311,"-",56.291,73.719,53.463,85.599,51.395,55.173,52.821,52.609,42.907,83.16,73.782,"-",57.677,"-",48.536,62.472,60.26,53.976,67.008,68.798,"-","-",58.05,59.929,91.115,2036
"1999. 05",60.944,65.208,94.992,65.91,57.23,62.502,"-",56.378,72.708,53.463,85.599,51.395,55.173,52.821,52.609,42.907,83.16,73.782,"-",57.677,"-",50.417,62.472,60.26,53.976,67.008,68.798,"-","-",58.05,64.551,91.115,2366
"1999. 06",58.324,65.371,95.192,65.971,57.23,62.502,"-",57.069,72.635,53.463,85.599,51.395,55.173,52.821,52.609,42.907,83.16,73.782,"-",57.677,"-",50.417,62.472,60.26,53.976,67.008,68.798,"-","-",58.05,64.551,91.115,1076
"1999. 07",57.605,65.099,95.192,65.971,57.23,62.137,"-",57.069,72.491,53.463,85.599,51.395,55.173,52.821,52.609,42.907,83.16,73.782,"-",57.677,"-",50.417,62.472,60.26,53.976,67.008,68.798,"-","-",58.05,64.551,91.115,663
"1999. 08",62.742,65.317,95.491,65.971,57.23,62.901,"-",57.026,72.346,53.463,85.599,51.395,55.173,52.821,52.609,42.907,83.16,73.782,"-",59.774,"-",50.417,62.472,60.26,53.976,67.008,68.798,"-","-",58.05,64.551,91.115,719
"1999. 09",61.15,65.371,94.793,65.971,57.102,64.462,"-",56.94,72.13,53.463,85.599,51.395,56.205,52.821,52.609,43.74,83.16,73.782,"-",59.774,"-",50.417,62.472,60.26,53.976,67.008,68.798,"-","-",58.05,64.551,91.115,966
"1999. 10",62.383,66.188,95.692,66.095,57.102,69.245,"-",56.723,71.407,53.463,85.599,51.395,56.205,52.821,52.609,43.74,83.16,73.782,"-",59.774,"-",50.417,62.472,60.26,53.976,67.008,68.798,"-","-",58.05,64.551,91.115,2446
"1999. 11",60.327,66.133,94.593,66.034,57.102,71.038,"-",56.593,71.624,53.463,85.599,51.395,56.205,52.821,52.609,43.74,83.16,73.782,"-",59.774,"-",50.417,62.472,60.26,53.976,67.008,68.798,"-","-",58.05,64.551,91.115,2467
"1999. 12",60.996,65.643,92.496,66.034,57.358,69.411,"-",56.55,71.551,53.463,85.599,51.395,56.205,52.821,52.609,43.74,83.16,73.782,"-",59.774,"-",50.417,62.472,60.26,53.976,67.008,68.798,"-","-",58.05,64.551,91.115,1818
"2000. 01",62.827,65.567,91.075,65.889,58.266,68.471,"83.942999999999998",58.141,71.371,53.464,85.659,51.393,56.171,52.806,52.65,43.771,83.16,73.783,"-",59.778,"-",50.853,62.488,61.6,55.057,67.015,73.268,"-","82.888999999999996",58.05,64.565,91.115,1253
"2000. 02",63.075,65.634,91.258,65.956,58.989,68.328,"83.942999999999998",58.141,71.588,53.464,85.659,51.393,56.171,52.806,52.65,43.771,83.16,74.982,"-",62.977,"-",50.853,62.74,61.6,55.057,67.015,73.268,"-","83.233999999999995",58.05,64.565,91.115,941
"2000. 03",62.951,65.7,91.258,65.956,60.494,68.328,"83.942999999999998",58.198,71.66,55.505,92.508,56.271,63.732,58.316,58.018,50.654,83.16,74.982,"-",62.977,"-",58.077,62.74,62.959,55.057,69.203,76.066,"-","87.114000000000004",58.05,65.685,91.115,1824
"2000. 04",61.584,65.302,91.166,65.956,60.494,66.906,"83.942999999999998",57.909,71.732,55.505,92.508,56.271,63.732,58.316,58.018,50.654,83.16,74.982,"-",62.977,"-",58.077,62.74,61.6,55.057,69.203,76.066,"-","87.028000000000006",58.05,65.685,91.115,2172
"2000. 05",59.969,65.435,91.351,66.556,60.494,66.264,"83.942999999999998",57.909,71.949,55.505,92.508,56.271,63.732,58.316,58.018,50.654,83.16,74.982,"-",62.977,"-",58.077,62.74,61.6,55.057,69.203,76.066,"-","87.028000000000006",58.05,65.685,91.115,2010
"2000. 06",59.72,66.164,92.271,66.556,60.494,69.966,"83.942999999999998",58.082,72.022,55.505,92.508,56.271,63.732,58.316,58.018,50.654,83.16,74.982,"-",62.977,"-",58.077,62.74,61.6,55.057,69.203,76.066,"-","87.028000000000006",58.05,65.685,91.115,1051
"2000. 07",60.403,66.032,92.364,66.556,60.494,69.966,"83.942999999999998",57.966,72.238,55.505,92.508,56.271,63.732,58.316,58.018,50.654,83.16,74.982,"-",62.977,"-",58.077,62.74,61.6,55.057,69.203,76.066,"-","87.028000000000006",58.05,65.685,91.115,580
"2000. 08",62.392,66.695,92.64,66.556,60.494,72.67,"84.027000000000001",58.024,72.382,55.505,92.508,56.271,63.732,58.316,58.018,50.654,83.16,74.982,"-",62.977,"-",58.077,62.74,61.6,55.057,68.109,76.066,"-","86.77",58.05,65.685,91.115,620
"2000. 09",67.426,67.226,93.284,66.556,60.494,74.664,"84.278999999999996",58.198,72.382,55.505,92.508,56.271,63.732,58.316,58.018,50.654,83.16,74.982,"-",62.977,"-",58.077,62.74,61.6,55.057,68.109,76.066,"-","86.77",58.05,66.871,91.115,1099
"2000. 10",64.257,67.425,92.916,67.557,60.494,76.23,"84.531999999999996",57.966,72.455,55.505,92.508,56.271,63.732,58.316,58.018,50.654,83.16,74.982,"-",62.977,"-",58.077,62.74,61.6,55.057,68.109,76.066,"-","86.77",58.05,66.871,91.115,2431
"2000. 11",60.838,67.226,92.824,68.024,60.494,75.66,"84.953000000000003",56.75,72.96,55.505,92.508,56.271,63.732,58.316,58.018,50.654,83.16,74.982,"-",62.977,"-",58.077,62.74,61.6,55.057,68.109,76.066,"-","86.596999999999994",58.05,66.871,91.115,2164
"2000. 12",60.466,67.956,92.824,68.024,60.494,76.656,"85.122",58.43,73.682,55.505,92.508,56.271,63.732,58.316,58.018,50.654,83.16,74.982,"-",62.977,"-",58.077,62.74,61.6,55.057,68.109,76.066,"-","86.77",58.05,66.871,91.115,1712
"2001. 01",63.075,68.156,92.916,67.957,60.554,75.66,"89.415000000000006",59.821,73.972,55.505,92.508,56.271,63.732,58.316,58.018,50.654,86.403,74.982,"-",64.358,"-",58.93,62.74,61.6,56.159,68.109,76.066,"-","87.373999999999995",58.05,66.871,96.217,861
"2001. 02",63.075,68.421,92.916,67.89,61.577,75.803,"90.087999999999994",60.343,74.116,55.505,92.508,56.271,63.732,58.316,58.018,50.654,86.403,74.982,"-",64.358,"-",58.93,62.74,61.6,56.159,68.109,76.142,"-","88.322999999999993",58.05,66.871,96.217,1046
"2001. 03",65.375,68.355,93.008,67.957,61.638,76.158,"90.257999999999996",59.3,74.261,61.574,92.508,58.156,69.606,62.162,61.844,55.06,85.987,74.982,"-",64.358,"-",60.523,62.74,62.403,58.361,68.109,76.142,"-","88.753",58.05,69.177,96.217,1751
"2001. 04",66.059,68.553,92.547,67.957,61.638,76.799,"90.341999999999999",60.923,74.622,61.574,92.508,58.156,69.606,62.162,61.844,55.06,85.987,74.982,"-",64.358,"-",60.523,62.74,62.403,58.361,68.109,76.142,"-","88.753",58.05,69.177,96.217,2094
"2001. 05",64.381,68.62,92.824,68.424,61.638,75.944,"90.593000000000004",61.039,74.766,61.574,92.508,58.156,67.668,62.162,61.844,55.06,85.987,74.982,"-",64.358,"-",60.523,62.74,62.403,58.361,68.109,76.142,"-","88.753",58.05,69.177,96.217,1972
"2001. 06",64.94,68.687,91.995,68.29,61.638,76.371,"90.593000000000004",61.56,75.705,61.574,92.508,58.156,67.668,62.162,61.844,55.06,85.987,74.982,"-",64.358,"-",60.523,62.74,62.403,58.361,68.109,76.142,"-","88.753",58.05,69.177,96.217,878
"2001. 07",66.804,68.488,91.719,68.357,61.698,76.514,"89.584000000000003",60.575,75.922,61.574,92.508,58.156,67.668,62.162,61.844,55.06,85.987,74.982,"-",64.358,"-",60.523,62.74,63.761,58.361,68.109,76.142,"-","88.84",58.05,71.089,96.217,754
"2001. 08",69.849,68.553,92.364,68.357,61.698,74.664,"90.930999999999997",61.619,75.994,61.574,92.508,58.156,67.668,62.162,61.844,55.06,85.987,78.203,"-",64.358,"-",60.523,62.74,63.761,58.361,68.109,76.142,"-","88.84",58.05,71.089,96.217,604
"2001. 09",68.296,68.488,92.732,68.424,61.698,74.236,"91.015000000000001",61.502,76.5,61.574,92.508,58.156,67.668,61.588,61.844,55.06,85.987,78.203,"-",64.358,"-",60.523,62.74,63.761,58.361,68.109,76.142,"-","88.84",58.05,71.089,96.217,1168
"2001. 10",67.115,68.553,92.824,68.89,61.698,74.308,"90.930999999999997",61.212,76.572,61.574,92.508,58.156,67.668,61.588,61.844,55.06,85.987,78.203,"-",65.424,"-",60.523,62.74,63.761,58.361,68.109,76.142,"-","88.84",58.05,71.089,96.217,1936
"2001. 11",64.567,68.222,92.824,68.957,63.082,72.172,"91.099000000000004",60.516,77.078,61.574,92.508,58.156,67.668,61.588,61.844,55.06,85.987,78.203,"-",65.424,"-",60.523,62.74,63.761,58.361,68.109,80.906,"-","88.84",58.05,71.089,96.217,2240
"2001. 12",65.935,67.824,91.075,69.558,63.082,69.326,"91.099000000000004",62.024,77.512,61.574,92.508,58.156,67.668,61.588,61.844,55.06,85.987,78.203,"-",65.424,"-",61.377,62.74,63.761,58.361,68.109,80.906,"-","88.84",58.05,71.089,96.217,1762
"2002. 01",67.488,67.956,91.258,69.558,63.142,70.322,"91.183000000000007",61.851,77.656,61.574,92.508,58.156,67.668,61.588,61.844,55.06,85.987,74.982,"-",65.989,"-",61.377,62.74,63.761,59.462,68.109,80.906,"-","84.872",58.05,71.089,96.217,982
"2002. 02",70.036,68.488,91.443,69.424,64.045,70.464,"91.350999999999999",64.342,77.872,61.574,92.508,58.156,67.668,61.588,61.844,55.06,85.987,74.982,"-",65.989,"-",61.377,65.186,63.761,59.462,65.921,80.906,"-","84.872",58.05,71.089,98.677,812
"2002. 03",68.419,68.62,91.351,69.491,64.286,71.033,"91.52",64.517,78.305,67.202,99.63,64.809,76.29,66.696,67.097,61.448,91.143,74.982,"-",65.989,"-",63.538,65.186,65.613,59.462,60.108,80.906,"-","84.872",58.05,71.089,98.677,1923
"2002. 04",69.228,69.283,91.812,69.624,66.332,73.382,"92.108999999999995",64.69,78.522,67.202,99.63,64.809,76.29,66.696,67.097,61.448,91.143,74.982,"-",65.989,"-",63.538,65.186,65.613,59.462,60.108,82.72,"-","85.649000000000001",58.05,71.089,98.677,2010
"2002. 05",70.844,69.55,91.535,70.024,66.392,74.877,"92.361999999999995",64.574,78.883,67.202,99.63,64.809,76.29,66.696,67.097,61.448,91.143,74.982,"-",65.989,"-",63.538,65.186,65.613,60.563,60.108,82.72,"-","85.649000000000001",61.185,71.089,98.677,1748
"2002. 06",69.166,69.682,91.627,70.024,66.392,74.806,"92.53",65.096,79.317,67.202,99.63,64.809,76.29,66.696,67.097,61.448,91.143,74.982,"-",65.989,"-",63.538,65.186,65.613,60.563,60.108,82.72,"-","85.649000000000001",61.185,71.089,98.677,1180
"2002. 07",67.364,69.416,91.258,70.024,66.392,73.88,"92.53",64.227,79.895,67.202,99.63,64.809,76.29,66.696,67.097,61.448,91.143,74.982,"-",61.284,"-",63.538,65.186,65.613,60.563,60.108,82.72,"-","85.649000000000001",60.547,72.472,101.228,631
"2002. 08",71.092,69.615,91.075,70.024,66.633,73.88,"92.614000000000004",65.096,80.112,67.202,99.63,64.809,76.29,66.696,67.097,61.448,91.726,74.982,"-",61.284,"-",63.538,65.186,65.613,60.563,60.108,82.72,"-","85.649000000000001",60.547,74.448,101.228,646
"2002. 09",74.013,69.814,92.364,70.024,66.754,73.525,"92.7",65.444,80.546,67.202,99.63,64.809,76.29,66.696,67.097,61.448,96.798,74.982,"-",62.475,"-",63.538,65.186,66.971,60.563,60.108,82.72,"-","85.649000000000001",60.547,74.448,101.228,1002
"2002. 10",68.543,70.611,92.916,71.225,66.934,76.656,"92.784000000000006",65.618,80.69,67.202,99.63,64.809,76.29,66.696,67.097,61.448,95.967,74.982,"-",63.667,"-",63.538,65.186,66.971,62.766,59.014,82.72,"-","85.649000000000001",60.547,74.448,103.78,2088
"2002. 11",68.357,70.744,92.64,71.891,66.934,77.867,"93.034999999999997",64.69,81.051,67.202,99.63,64.809,76.29,66.696,67.097,61.448,95.967,74.982,"-",63.667,"-",63.538,65.186,66.971,62.766,59.014,82.72,"-","85.649000000000001",60.547,74.448,103.78,2111
"2002. 12",69.849,70.81,93.284,71.825,66.934,76.585,"93.119",65.502,81.413,67.202,99.63,64.809,76.29,66.696,67.097,61.448,93.389,74.982,"-",63.667,"-",63.538,65.186,66.971,62.766,59.014,82.72,"-","85.649000000000001",60.547,74.448,103.78,1718
"2003. 01",71.589,71.142,93.561,71.825,66.995,78.294,"93.287999999999997",65.618,81.484,67.202,99.63,64.809,76.29,66.696,67.097,61.448,93.389,76.555,"-",63.667,"-",64.392,66.567,68.329,62.766,60.587,82.72,"-","85.649000000000001",60.547,74.448,103.78,885
"2003. 02",72.397,71.672,93.652,71.891,68.078,80.784,"93.287999999999997",65.559,81.556,67.202,99.63,64.809,76.29,66.696,67.097,61.448,93.389,76.555,"-",64.608,"-",64.392,66.567,68.329,63.867,60.587,82.72,"-","85.649000000000001",60.547,75.436,103.78,910
"2003. 03",73.889,71.939,93.376,71.624,68.318,82.279,"93.876999999999995",65.85,81.629,71.12,105.201,70.243,85.912,72.494,72.751,68.826,95.967,78.129,"-",64.608,"-",70.421,67.884,68.329,68.272,60.587,82.72,"-","81.594999999999999",60.547,75.436,103.78,1741
"2003. 04",73.329,71.341,92.64,71.825,68.318,78.435,"93.793000000000006",66.256,81.773,73.106,105.201,70.243,85.912,70.829,72.751,68.826,95.967,78.129,"-",64.608,"-",70.421,67.884,69.625,68.272,60.587,82.72,"-","80.817999999999998",60.547,75.436,103.78,1750
"2003. 05",71.092,71.341,92.64,72.291,68.318,77.937,"93.876999999999995",66.256,82.206,73.106,105.201,70.243,85.912,70.829,72.751,68.826,95.967,78.129,"-",64.608,"-",70.421,67.884,69.625,68.272,60.587,82.72,"-","80.817999999999998",60.547,75.436,103.78,1750
"2003. 06",69.663,71.076,92.824,72.291,68.318,76.87,"93.876999999999995",66.371,82.28,73.106,105.201,70.243,85.912,70.829,71.151,68.826,95.967,81.275,"-",64.608,"-",70.421,67.884,69.625,68.272,60.587,82.72,"-","80.817999999999998",60.547,75.436,103.78,979
"2003. 07",69.849,70.744,90.798,72.291,68.318,77.511,"93.793000000000006",65.734,82.423,73.106,105.201,70.243,85.912,70.829,71.151,68.826,95.967,79.702,"-",64.608,"-",70.421,67.884,68.329,68.272,61.613,82.72,"-","80.817999999999998",60.547,75.436,103.78,577
"2003. 08",71.278,70.876,90.798,72.291,68.318,77.511,"93.793000000000006",66.603,82.784,73.106,105.201,70.243,85.912,70.829,71.151,68.826,95.967,79.702,"-",64.608,"-",70.421,67.884,68.329,68.272,61.613,82.72,"-","80.817999999999998",62.461,75.436,103.78,706
"2003. 09",76.499,70.942,91.075,72.225,68.318,77.511,"93.793000000000006",66.893,82.929,73.106,105.201,70.243,85.912,70.829,71.151,68.826,97.131,79.702,"-",64.608,"-",70.421,67.884,68.329,68.272,61.613,82.72,"-","80.817999999999998",62.461,75.436,103.78,949
"2003. 10",78.238,70.876,90.798,72.025,68.318,77.582,"93.709000000000003",66.951,83.002,73.106,105.201,70.243,85.912,70.829,71.151,68.826,97.131,79.702,"-",64.608,"-",70.421,69.201,66.971,68.272,61.613,82.72,"-","80.817999999999998",62.461,75.436,103.78,2084
"2003. 11",75.629,70.942,91.075,72.025,68.68,79.29,"93.203999999999994",64.574,83.073,73.106,105.201,70.243,85.912,70.829,71.151,68.826,97.131,79.702,"-",64.608,"-",70.421,69.201,66.971,68.272,61.613,82.72,"-","80.817999999999998",62.461,75.436,103.78,1863
"2003. 12",75.69,71.739,91.258,72.025,70.546,80.643,"93.287999999999997",66.893,83.073,73.106,105.201,70.243,85.912,70.829,71.151,68.826,97.131,79.702,"-",64.608,"-",70.421,69.201,66.971,68.272,61.613,89.071,"-","80.817999999999998",63.739,75.436,103.78,1526
"2004. 01",77.617,72.138,91.627,71.958,70.607,82.563,"93.203999999999994",66.198,83.073,73.106,105.201,70.243,85.912,70.829,71.151,68.826,97.131,79.702,"-",64.608,"-",70.819,69.201,66.971,68.272,63.665,89.071,"-","80.817999999999998",63.739,75.436,98.314,835
"2004. 02",77.99,72.336,91.258,72.225,70.305,83.703,"93.119",66.835,82.929,73.106,105.201,70.243,85.912,70.829,71.151,68.826,97.131,81.275,"-",64.608,"-",70.819,69.201,66.971,68.272,65.785,89.071,"-","80.817999999999998",63.739,75.436,96.582,1201
"2004. 03",80.538,72.734,92.364,72.025,70.365,84.415,"93.203999999999994",67.299,82.713,82.431,110.132,75.676,92.161,76.913,74.806,73.282,101.787,81.275,"-",66.114,"-",72.753,71.334,70.119,69.153,65.785,89.071,"-","80.817999999999998",63.739,76.424,98.769,1448
"2004. 04",80.041,72.802,92.364,72.092,70.486,83.917,"93.287999999999997",66.951,82.784,82.431,110.132,75.676,92.161,76.913,74.806,73.282,101.787,83.746,"-",66.114,"-",72.753,71.334,70.119,69.153,65.785,89.071,"-","82.715999999999994",63.739,76.424,98.769,1259
"2004. 05",78.114,73,92.18,71.558,70.486,84.913,"93.287999999999997",67.241,82.784,82.431,110.132,75.676,92.161,76.913,74.806,73.282,101.787,83.746,"-",66.114,"-",72.753,71.334,70.119,69.153,64.143,89.071,"-","82.715999999999994",63.739,76.424,98.769,2047
"2004. 06",77.12,73.199,92.088,71.558,70.486,84.628,"93.287999999999997",67.994,82.857,82.431,110.132,75.676,92.161,76.913,74.806,73.282,101.787,83.746,"-",66.114,"-",72.753,71.334,70.119,69.153,64.143,89.071,"-","80.817999999999998",63.739,76.424,101.32,1008
"2004. 07",79.606,73.199,91.627,71.358,70.486,85.482,"93.456999999999994",67.762,82.784,82.431,110.132,75.676,92.161,75.535,74.806,73.282,101.787,83.746,"-",66.114,"-",72.753,71.334,70.119,69.153,64.143,89.071,"-","80.817999999999998",63.739,77.017,101.32,668
"2004. 08",82.651,73.73,91.812,71.358,70.667,87.689,"93.456999999999994",68.169,82.713,82.431,110.132,75.676,92.161,75.535,74.806,73.282,101.787,83.746,"-",66.114,"-",72.753,71.334,70.119,69.153,64.143,89.071,"-","80.817999999999998",63.739,77.017,101.32,663
"2004. 09",82.899,73.664,91.719,71.091,70.667,87.547,"93.456999999999994",67.53,82.784,82.431,110.132,75.676,92.161,75.535,74.806,73.282,101.787,83.746,"-",66.114,"-",73.663,71.334,70.119,69.153,64.143,89.071,"-","80.817999999999998",63.739,77.017,101.32,916
"2004. 10",80.786,74.194,91.535,71.225,70.667,88.97,"93.287999999999997",67.415,82.64,82.431,110.132,75.676,92.161,75.535,74.806,73.282,101.787,83.746,"-",66.114,"-",73.663,71.334,70.119,69.153,64.143,89.071,"-","80.817999999999998",65.771,77.017,101.32,2207
"2004. 11",76.933,73.863,91.535,71.691,70.667,88.045,"93.287999999999997",66.082,82.64,82.431,110.132,75.676,92.161,75.535,74.806,73.282,101.787,83.746,"-",66.114,"-",73.663,71.334,70.119,69.153,64.143,89.071,"-","80.817999999999998",65.771,77.017,101.32,1922
"2004. 12",76.685,73.796,91.719,71.425,70.667,85.696,"93.287999999999997",68.169,82.28,82.431,110.132,75.676,92.161,75.535,74.806,73.282,101.787,82.772,"-",66.114,"-",73.663,71.334,70.119,69.153,64.143,89.071,"-","80.817999999999998",65.771,77.017,93.575,1726
"2005. 01",79.038,74.955,92.625,71.305,71.349,85.884,"93.962000000000003",72.656,82.122,82.404,109.197,75.625,92.207,75.541,75.605,72.519,101.813,82.784,"-",66.131,"68.641000000000005",74.103,71.294,70.116,70.694,64.146,90.357,"85.617999999999995","81.302999999999997",68.814,77.026,93.542,1118
"2005. 02",81.177,75.183,92.443,71.377,71.708,86.62,"93.867000000000004",72.801,82.122,82.404,109.197,75.625,92.207,75.541,75.605,72.519,101.813,81.941,"-",66.131,"68.641000000000005",74.103,71.294,70.116,70.694,64.146,90.357,"85.617999999999995","81.302999999999997",68.814,77.026,93.542,901
"2005. 03",81.335,75.563,92.17,71.449,71.78,89.016,"93.962000000000003",72.801,81.959,89.278,112.442,80.992,93.727,80.397,79.385,77.098,106.792,82.953,"-",66.131,"70.825000000000003",76.462,72.158,70.116,71.479,64.869,90.357,"85.617999999999995","73.524000000000001",68.814,77.026,99.753,1565
"2005. 04",81.731,75.714,91.804,71.377,71.924,90.859,"94.436000000000007",72.365,81.959,89.278,112.442,80.992,93.727,80.397,79.385,77.098,106.792,82.953,"-",66.131,"70.825000000000003",76.462,72.158,70.116,71.479,66.25,90.357,"85.617999999999995","73.524000000000001",70.286,77.026,99.753,1757
"2005. 05",79.355,75.791,91.804,71.809,71.924,89.754,"94.53",72.874,81.877,89.278,112.442,80.992,93.727,80.397,79.385,77.098,106.792,82.953,"-",66.131,"70.825000000000003",76.462,72.158,70.116,71.479,66.25,90.357,"85.876000000000005","73.524000000000001",71.828,77.026,93.542,1857
"2005. 06",77.612,75.563,90.528,71.809,71.924,90.214,"94.53",72.874,81.713,89.278,112.442,80.992,93.727,80.397,79.385,77.098,106.792,82.953,"-",66.131,"70.825000000000003",76.462,72.158,70.116,71.479,66.25,90.357,"85.876000000000005","73.524000000000001",71.828,77.026,93.542,1196
"2005. 07",78.959,75.791,89.981,71.809,71.924,93.162,"94.813999999999993",72.147,81.713,89.278,112.442,80.992,93.727,80.397,79.385,77.098,106.792,86.072,"-",66.131,"70.825000000000003",76.462,72.158,69.276,71.479,66.25,90.357,"85.876000000000005","73.524000000000001",71.828,77.8,93.542,607
"2005. 08",79.355,76.094,90.255,71.737,71.636,94.821,"94.813999999999993",72.728,81.549,89.278,112.442,80.992,93.727,80.397,79.385,77.098,106.792,86.072,"-",66.131,"70.825000000000003",76.462,72.158,70.116,71.479,66.25,90.357,"85.876000000000005","73.524000000000001",71.828,77.8,93.542,735
"2005. 09",81.652,76.549,90.528,71.737,71.708,97.31,"95.382999999999996",73.02,81.386,89.278,112.442,80.992,98.19,80.397,79.385,77.098,106.792,86.072,"-",66.131,"70.825000000000003",76.462,72.158,70.116,71.479,66.25,90.357,"85.876000000000005","73.524000000000001",69.235,77.8,93.542,938
"2005. 10",79.276,76.702,90.619,72.527,71.78,96.941,"95.477000000000004",72.437,81.468,89.278,112.442,80.992,98.19,80.397,79.385,77.098,106.792,86.072,"-",67.259,"70.825000000000003",76.462,72.158,70.116,71.479,66.25,90.357,"85.876000000000005","73.524000000000001",69.235,77.8,93.542,2373
"2005. 11",73.732,76.626,90.255,72.743,71.78,95.651,"95.477000000000004",73.02,81.468,89.278,112.442,80.992,98.19,80.397,79.385,77.098,106.792,86.072,"-",67.259,"70.825000000000003",76.462,72.158,70.116,71.479,66.25,90.357,"85.876000000000005","73.524000000000001",69.235,77.8,90.531,1896
"2005. 12",77.296,76.777,91.076,72.743,71.78,95.651,"95.477000000000004",73.02,81.468,89.278,112.442,80.992,98.19,80.397,79.385,77.098,106.792,84.892,"-",67.259,"70.825000000000003",76.462,72.158,70.116,71.479,66.25,90.357,"85.876000000000005","73.524000000000001",69.235,77.8,90.531,1572
"2006. 01",79.355,76.853,90.802,72.815,71.851,96.573,"95.856999999999999",72.801,81.468,89.278,112.442,80.992,98.19,80.397,79.385,77.098,106.792,86.999,"-",67.259,"72.728999999999999",78.592,73.022,70.116,72.977,66.25,90.357,"84.245999999999995","73.524000000000001",69.235,78.574,90.531,1004
"2006. 02",77.533,77.005,90.346,73.03,72.713,97.125,"95.856999999999999",73.31,81.223,89.278,112.442,80.992,98.19,80.397,79.385,77.098,106.792,91.636,"-",68.388,"72.728999999999999",78.592,73.022,70.116,73.762,66.25,90.357,"84.245999999999995","73.524000000000001",69.235,78.574,90.531,1039
"2006. 03",79.434,77.157,90.346,72.959,73,97.586,"95.760999999999996",73.31,81.141,97.562,115.909,86.84,103.224,86.447,83.796,81.526,110.713,91.636,"-",68.986,"73.926000000000002",79.885,73.886,72.778,74.475,66.974,90.357,"84.245999999999995","80.778999999999996",70.776,76.251,93.542,1583
"2006. 04",79.038,77.537,90.711,72.959,72.856,99.06,"95.760999999999996",73.02,81.141,97.562,115.909,86.84,103.224,86.447,83.796,81.526,110.713,93.322,"-",68.986,"73.926000000000002",79.885,73.886,72.778,74.475,66.974,90.357,"84.245999999999995","81.302999999999997",70.776,79.426,93.542,1756
"2006. 05",77.533,78.069,91.531,74.037,72.856,99.889,"95.760999999999996",73.237,81.06,97.562,115.909,86.84,103.224,86.447,83.796,81.526,110.713,95.261,"-",68.986,"73.926000000000002",79.885,73.886,72.778,74.475,66.974,90.357,"84.245999999999995","82.349000000000004",70.776,79.426,93.542,1863
"2006. 06",76.108,77.841,89.891,74.109,72.856,99.889,"95.667000000000002",73.529,80.978,97.562,115.909,86.84,103.224,86.447,83.796,81.526,110.713,95.261,"-",68.986,"73.926000000000002",79.885,73.886,72.778,74.475,66.974,90.357,"84.245999999999995","82.349000000000004",70.776,79.426,93.542,1256
"2006. 07",76.979,77.992,89.981,74.037,72.856,100.535,"95.667000000000002",73.165,80.896,97.562,115.909,86.84,103.224,86.447,83.796,81.526,110.713,95.261,"-",68.986,"73.926000000000002",79.885,73.886,72.778,74.475,66.974,90.357,"84.245999999999995","82.349000000000004",70.776,79.426,87.426,671
"2006. 08",81.652,78.069,90.072,74.109,74.867,100.443,"95.856999999999999",73.383,81.06,97.562,115.909,86.84,103.224,86.208,83.796,81.221,110.713,95.261,"-",68.986,"73.926000000000002",79.885,73.886,72.778,74.475,66.974,90.357,"84.245999999999995","82.349000000000004",70.776,80.974,87.426,767
"2006. 09",81.81,77.917,89.708,74.037,74.867,98.599,"95.856999999999999",73.892,81.468,97.562,115.909,86.84,103.508,86.129,83.796,81.221,110.713,95.261,"-",68.986,"73.926000000000002",79.885,74.75,72.778,74.475,66.974,90.357,"84.245999999999995","82.349000000000004",70.776,80.974,87.426,1144
"2006. 10",78.087,77.309,89.343,74.612,74.867,94.729,"95.856999999999999",73.601,81.631,97.562,115.909,86.84,103.508,86.129,83.796,81.221,110.713,94.333,"-",68.986,"73.926000000000002",79.885,74.75,72.778,74.475,66.974,90.357,"80.042000000000002","81.825999999999993",70.776,80.974,87.426,2167
"2006. 11",74.841,77.157,89.525,75.115,74.867,92.886,"95.856999999999999",73.746,81.713,97.562,115.909,86.84,103.508,86.129,83.796,81.221,110.713,94.333,"-",68.986,"73.926000000000002",79.885,74.75,72.778,74.475,66.974,90.357,"84.245999999999995","81.302999999999997",70.776,80.974,87.426,2187
"2006. 12",77.137,77.234,89.708,75.115,75.799,92.886,"95.950999999999993",73.674,81.794,97.562,115.909,86.84,103.508,86.129,83.796,81.221,110.713,94.333,"-",68.986,"73.926000000000002",79.885,74.75,72.778,74.475,66.974,90.357,"84.245999999999995","81.302999999999997",70.776,80.974,87.426,1824
"2007. 01",77.375,77.157,89.343,75.115,75.943,92.609,"96.234999999999999",73.82,82.122,97.562,115.909,86.84,103.508,86.129,83.796,81.221,110.713,94.333,"-",68.986,"75.123999999999995",79.885,76.479,72.778,74.475,66.974,90.357,"84.760999999999996","81.302999999999997",70.776,84.225,87.426,1421
"2007. 02",80.622,77.309,89.343,75.331,76.23,92.886,"96.234999999999999",74.11,82.285,97.562,115.909,86.84,103.508,86.129,83.796,81.221,110.713,94.333,"-",68.986,"75.123999999999995",79.885,76.479,72.778,74.475,66.974,97.857,"84.760999999999996","81.302999999999997",70.776,84.225,87.426,896
"2007. 03",78.008,77.689,89.07,75.259,76.302,95.374,"96.424999999999997",73.965,82.367,107.697,119.49,93.489,111.865,92.894,91.829,87.098,118.87,94.333,"-",71.243,"76.040000000000006",81.178,77.343,77.121,76.044,66.974,97.857,"84.760999999999996","81.302999999999997",70.776,85.774,87.426,1765
"2007. 04",77.85,78.524,89.525,75.259,76.302,98.968,"96.519000000000005",74.401,82.367,107.697,119.49,93.489,111.865,92.894,91.829,87.098,118.87,94.333,"-",71.243,"76.040000000000006",81.178,77.343,77.121,77.543,66.974,97.857,"86.134","81.302999999999997",70.776,85.774,87.426,1605
"2007. 05",76.662,78.828,88.796,75.977,76.302,100.351,"96.897999999999996",74.329,82.612,107.697,119.49,93.489,111.865,92.894,91.829,87.098,118.87,94.333,"-",71.243,"76.040000000000006",81.178,77.343,77.121,77.543,66.974,97.857,"86.134","81.302999999999997",70.776,85.774,90.719,2026
"2007. 06",76.267,78.98,88.523,75.977,76.445,100.904,"96.992000000000004",74.619,82.694,107.697,119.49,93.489,111.865,92.576,91.829,86.793,118.87,94.333,"-",71.243,"76.040000000000006",81.178,77.343,77.121,77.543,66.974,97.857,"86.134","81.302999999999997",70.776,85.774,90.719,1233
"2007. 07",76.267,79.284,89.253,76.121,76.302,101.641,"97.561000000000007",74.838,82.857,107.697,119.49,93.489,111.865,92.576,91.829,86.793,118.87,94.333,"-",71.243,"76.040000000000006",81.178,77.343,77.121,77.543,66.974,97.857,"87.162000000000006","81.302999999999997",70.776,86.548,90.719,778
"2007. 08",76.9,79.208,89.434,76.049,76.302,100.535,"97.656000000000006",74.983,82.939,107.697,119.49,93.489,111.865,92.576,91.829,86.793,118.87,94.333,"-",71.243,"76.040000000000006",81.178,77.343,77.121,77.543,66.974,97.857,"86.305000000000007","81.302999999999997",70.776,86.548,90.719,657
"2007. 09",81.018,79.512,89.799,76.049,76.158,101.548,"97.94",74.838,83.184,107.697,119.49,93.169,111.39,92.576,91.829,86.793,118.87,94.333,"-",72.372,"76.040000000000006",81.178,77.343,77.121,77.543,66.974,97.857,"86.305000000000007","81.825999999999993",70.776,86.548,90.719,1228
"2007. 10",80.701,79.739,90.072,76.265,76.158,102.377,"97.94",75.056,83.429,107.697,119.49,93.169,111.39,92.576,91.829,86.793,118.87,94.333,"-",72.372,"76.040000000000006",81.178,78.279,77.121,77.543,66.974,97.857,"86.305000000000007","81.825999999999993",70.776,86.548,90.719,2269
"2007. 11",77.929,80.499,90.619,76.768,76.23,106.248,"97.844999999999999",75.056,83.756,107.697,119.49,93.169,111.39,92.576,91.829,86.793,118.87,94.333,"-",72.372,"75.899000000000001",81.178,78.279,77.121,77.543,66.974,97.857,"86.305000000000007","81.825999999999993",70.776,86.548,90.719,2289
"2007. 12",77.771,81.031,90.619,76.912,76.445,108.92,"97.94",75.274,83.919,107.697,119.49,93.169,111.39,92.576,91.829,86.793,118.87,94.333,"-",72.372,"80.197999999999993",81.178,78.279,77.121,77.543,66.974,97.857,"86.305000000000007","81.825999999999993",70.776,86.548,90.719,2060
"2008. 01",78.325,81.714,92.17,76.912,77.163,111.409,"98.034999999999997",74.983,84.083,107.697,119.49,93.169,111.39,92.576,91.829,86.793,118.87,94.333,"-",74.63,"80.197999999999993",81.178,78.279,78.872,80.61,66.974,97.857,"86.305000000000007","81.825999999999993",71.337,86.548,90.719,1417
"2008. 02",79.672,81.714,92.261,76.84,78.097,110.764,"98.224999999999994",74.765,84.164,107.697,119.49,93.169,111.39,92.576,91.829,86.793,118.87,94.333,"-",74.63,"80.197999999999993",81.178,79.143,78.872,80.61,71.251,97.857,"86.305000000000007","81.825999999999993",71.337,86.548,90.719,1105
"2008. 03",78.167,82.853,93.355,76.84,79.173,113.067,"98.224999999999994",75.274,84.328,121.181,122.399,100.538,121.362,99.581,100.178,92.9,132.325,94.333,"-",79.808,"85.272999999999996",84.145,79.143,80.623,80.61,71.974,97.857,"88.793000000000006","81.825999999999993",78.415,86.548,91.66,1868
"2008. 04",79.672,83.688,92.989,76.912,79.603,116.016,"97.656000000000006",75.056,84.492,121.181,122.399,100.538,121.362,99.581,100.178,92.9,132.325,94.333,"-",79.808,"87.245000000000005",84.145,80.008,80.623,80.61,71.974,97.857,"88.793000000000006","82.349000000000004",78.905,86.548,91.66,1829
"2008. 05",79.434,85.435,93.628,77.774,79.603,123.94,"97.561000000000007",76.074,84.737,121.181,122.399,100.538,121.362,99.502,100.178,92.9,132.325,94.333,"-",79.808,"83.721999999999994",84.145,80.008,80.623,80.61,71.974,97.857,"88.793000000000006","82.349000000000004",81.428,86.548,91.66,1941
"2008. 06",78.405,87.03,94.084,77.99,79.532,132.787,"97.561000000000007",76.074,84.9,121.181,122.399,100.538,121.362,99.342,100.178,92.595,132.325,94.333,"-",79.808,"83.721999999999994",84.145,80.008,80.623,79.04,71.974,97.857,"88.793000000000006","82.349000000000004",84.021,86.548,91.66,1381
"2008. 07",79.434,88.093,95.816,77.99,79.819,135.366,"97.656000000000006",76.583,85.227,121.181,122.399,100.538,119.842,99.262,98.13,92.595,132.325,94.333,"-",79.808,"83.721999999999994",84.145,80.008,80.623,79.04,71.974,97.857,"88.793000000000006","82.349000000000004",84.021,86.548,91.66,869
"2008. 08",81.573,86.726,94.357,77.99,79.819,126.244,"98.793000000000006",77.092,85.227,121.181,122.399,100.538,119.842,99.262,98.13,92.595,132.325,94.333,"-",79.808,"83.721999999999994",84.145,80.008,80.623,79.04,71.974,97.857,"88.793000000000006","82.349000000000004",84.021,86.548,93.448,903
"2008. 09",81.256,86.954,96.455,78.062,79.819,121.545,"98.887",77.528,85.308,121.181,122.399,100.459,119.842,99.262,98.13,92.595,132.325,94.333,"-",79.808,"83.721999999999994",84.145,80.008,80.623,80.61,71.974,97.857,"88.793000000000006","82.349000000000004",84.021,87.709,93.448,1154
"2008. 10",78.643,86.878,97.366,78.134,79.747,119.057,"98.887",77.747,85.553,121.181,122.399,100.459,119.842,99.262,98.13,92.595,132.325,94.333,"-",79.808,"83.721999999999994",84.145,80.008,80.623,80.61,71.974,97.857,"88.793000000000006","82.349000000000004",84.021,87.709,93.448,2160
"2008. 11",78.325,85.511,97.001,79.068,81.111,107.723,"98.887",77.965,85.717,121.181,122.399,100.459,119.842,99.262,98.13,92.595,132.325,94.333,"-",79.808,"83.721999999999994",84.145,80.008,81.464,80.61,71.974,97.857,"88.793000000000006","82.349000000000004",84.021,87.709,93.448,1826
"2008. 12",80.068,84.828,99.554,79.931,80.896,98.968,"98.887",77.892,85.881,121.181,122.399,100.459,119.842,99.262,98.13,92.595,132.325,94.333,"-",79.808,"83.721999999999994",84.145,80.008,81.464,80.61,71.974,97.857,"88.793000000000006","82.349000000000004",84.021,87.709,93.448,1655
"2009. 01",83.711,84.371,99.006,79.931,81.757,95.835,"99.171999999999997",77.747,86.126,121.181,122.399,100.459,119.842,99.262,98.13,92.595,132.325,94.333,"-",79.808,"83.721999999999994",84.145,80.008,81.464,80.61,71.974,97.857,"88.793000000000006","82.349000000000004",84.021,87.709,93.448,1016
"2009. 02",83.632,85.739,101.104,80.003,81.972,101.272,"99.171999999999997",78.183,86.126,121.181,122.399,100.459,119.842,99.262,98.13,92.595,132.325,94.333,"-",79.808,"83.721999999999994",84.145,80.008,81.464,80.61,71.974,97.857,"88.793000000000006","82.349000000000004",86.683,87.709,92.507,1090
"2009. 03",85.691,86.346,101.468,80.074,82.547,102.838,"99.55",78.328,86.371,129.553,122.399,104.544,121.741,99.581,98.917,93.358,144.192,96.188,"-",79.808,"86.611000000000004",88.939,80.008,85.037,80.61,73.356,97.857,"88.793000000000006","82.349000000000004",86.683,87.709,92.507,1536
"2009. 04",87.829,86.27,99.645,80.146,82.619,104.497,"99.929000000000002",77.819,86.452,129.553,122.399,104.544,121.741,99.581,98.917,93.358,144.192,96.188,"-",79.808,"86.611000000000004",88.939,80.008,85.037,80.61,73.356,97.857,"88.793000000000006","82.349000000000004",87.454,87.709,92.507,1440
"2009. 05",85.929,86.346,99.098,82.015,82.619,102.285,"100.024",78.619,86.452,129.553,122.399,104.544,121.741,99.581,98.917,93.358,144.192,96.188,"-",79.808,"86.611000000000004",88.939,80.008,85.037,80.61,73.356,97.857,"88.793000000000006","82.349000000000004",87.454,87.709,92.507,1770
"2009. 06",81.889,87.182,99.827,82.518,82.834,105.695,"100.119",79.711,86.534,129.553,122.399,104.544,121.741,99.581,98.917,93.358,144.192,96.188,"-",81.867,"86.611000000000004",88.939,80.008,85.037,80.61,73.356,97.857,"88.793000000000006","83.471000000000004",87.454,87.709,92.507,1195
"2009. 07",83.315,87.485,100.374,82.662,82.762,106.708,"100.21299999999999",79.42,86.616,129.553,122.399,104.544,121.741,99.581,98.917,93.358,144.192,96.188,"-",81.867,"86.611000000000004",88.939,80.008,85.037,80.61,73.356,97.857,"88.793000000000006","83.471000000000004",89.697,87.709,92.507,760
"2009. 08",84.265,87.713,99.919,82.734,82.69,109.473,"100.30800000000001",79.056,86.697,129.553,122.399,104.544,121.741,99.581,98.917,93.358,144.192,96.188,"-",81.867,"86.611000000000004",88.939,80.008,85.037,80.61,73.356,97.857,"88.793000000000006","83.471000000000004",89.697,87.709,92.507,881
"2009. 09",82.839,87.865,100.557,82.806,82.69,110.118,"100.40300000000001",78.983,86.779,129.553,122.399,104.304,121.741,100.138,98.917,93.358,144.192,96.188,"-",81.867,"87.74",88.939,80.008,85.037,80.61,73.356,97.857,"88.793000000000006","83.471000000000004",89.697,87.709,92.507,1321
"2009. 10",82.681,87.485,100.739,82.878,82.69,106.616,"100.593",79.056,86.779,129.553,122.399,104.304,121.741,100.138,98.917,93.358,144.192,96.188,"-",81.867,"88.021000000000001",88.939,80.8,85.037,80.61,73.356,97.857,"88.793000000000006","83.471000000000004",89.697,87.709,92.507,1902
"2009. 11",79.988,88.473,101.559,84.316,82.762,110.118,"100.78100000000001",79.492,87.024,129.553,122.399,104.304,121.741,100.138,98.917,93.358,144.192,94.333,"-",81.867,"87.74",88.939,82.456,85.037,80.61,73.356,97.857,"88.793000000000006","83.471000000000004",89.697,87.709,92.507,1995
"2009. 12",82.998,88.473,101.742,84.316,82.834,110.026,"100.877",79.347,87.27,129.553,122.399,104.304,121.741,100.138,98.917,93.358,144.192,94.333,"-",81.867,"87.74",88.939,82.456,85.037,80.61,73.356,97.857,"88.793000000000006","83.471000000000004",89.697,87.709,92.507,1611
"2010. 01",84.504,89.143,103.326,84.308,83.414,112.48,"101.21",78.589,87.402,129.581,122.399,104.367,121.665,100.118,98.92,93.397,143.593,94.289,"99.054000000000002",86.116,"87.805999999999997",90.714,84.102,84.991,82.111,73.293,97.857,"88.637","83.486000000000004",89.535,87.842,92.507,1246
"2010. 02",86.714,89.054,102.916,83.8,83.414,112.365,"101.312",78.825,87.402,129.581,122.399,104.367,121.665,100.118,98.92,93.397,143.593,94.289,"99.054000000000002",86.116,"88.528000000000006",90.714,84.102,85.852,82.111,73.293,97.857,"88.637","83.486000000000004",89.716,89.001,92.507,913
"2010. 03",87.818,89.143,102.505,83.885,84.604,114.205,"101.21",78.51,87.402,140.091,122.399,105.101,123.015,101.128,100.728,95.297,157.735,94.289,"99.054000000000002",86.116,"88.528000000000006",90.714,82.043,85.852,83.651,73.293,97.857,"88.637","83.486000000000004",89.806,89.001,92.507,1674
"2010. 04",91.04,89.502,102.813,83.8,84.604,116.16,"101.312",78.51,87.578,140.091,122.399,105.101,123.015,101.128,100.728,95.297,157.735,94.289,"99.054000000000002",86.116,"90.876999999999995",90.714,82.043,85.852,85.19,75.797,97.857,"88.637","83.486000000000004",89.987,88.912,92.507,1621
"2010. 05",89.936,89.681,102.711,83.969,84.604,116.275,"101.413",79.22,87.755,140.091,122.399,105.101,123.015,101.128,100.728,95.297,157.735,94.289,"99.054000000000002",86.116,"90.876999999999995",90.714,82.043,85.852,86.644,75.797,97.857,"88.637","83.486000000000004",89.987,89.447,92.507,1875
"2010. 06",88.095,89.771,102.505,84.561,84.604,115.125,"101.514",79.299,87.931,140.091,122.399,105.101,123.015,101.128,100.728,95.297,157.735,94.289,"99.054000000000002",86.116,"90.876999999999995",90.714,82.043,85.852,86.644,77.011,97.857,"88.637","83.486000000000004",89.987,89.447,92.507,1224
"2010. 07",89.383,89.861,102.403,84.561,85.369,115.7,"101.514",78.983,88.196,140.091,122.399,105.101,123.015,101.128,100.728,95.297,157.735,94.289,"99.054000000000002",86.116,"90.876999999999995",90.714,82.043,85.852,86.644,77.011,97.857,"88.637","83.486000000000004",90.077,89.447,92.507,953
"2010. 08",92.329,89.861,102.608,84.73,85.624,115.24,"101.514",78.904,88.549,140.091,122.399,105.101,123.015,101.128,100.728,95.297,157.735,95.243,"99.054000000000002",86.116,"90.876999999999995",90.714,82.043,85.852,86.644,77.011,97.857,"88.637","83.486000000000004",90.077,89.447,92.507,1014
"2010. 09",102.087,89.681,102.403,84.73,86.305,113.515,"101.514",78.983,88.637,140.091,122.399,104.891,123.015,101.33,100.728,95.297,157.735,97.149,"101.45",86.116,"90.876999999999995",90.714,82.043,85.852,86.644,77.011,97.857,"88.637","83.486000000000004",90.077,89.447,92.507,1131
"2010. 10",102.455,89.95,102.403,84.815,86.305,114.32,"101.514",79.457,88.901,140.091,122.399,104.891,123.015,101.33,100.728,95.297,157.735,97.149,"101.45",86.116,"90.876999999999995",90.714,82.043,85.852,86.644,77.011,97.857,"88.637","82.986000000000004",90.077,89.447,92.507,2082
"2010. 11",95.735,89.771,102.3,85.745,85.794,115.355,"101.514",77.563,89.166,140.091,122.399,104.891,123.015,101.33,100.728,95.297,157.735,97.149,"101.45",86.116,"90.876999999999995",90.714,82.043,87.66,86.644,77.011,97.857,"88.637","82.986000000000004",90.98,89.447,92.507,1916
"2010. 12",94.354,90.758,102.198,85.745,85.794,119.38,"101.514",80.167,89.43,140.091,122.399,104.891,123.015,101.33,100.728,95.297,157.735,97.149,"101.45",86.116,"92.141999999999996",90.714,82.043,87.66,86.644,77.011,97.857,"93.265000000000001","83.653000000000006",92.785,89.447,92.507,1758
"2011. 01",98.496,91.654,103.224,85.83,85.794,123.98,"102.123",79.93,89.607,140.091,122.399,104.891,123.015,101.33,100.728,95.297,157.735,97.149,"101.45",86.116,"93.406000000000006",92.528,82.043,87.66,86.644,77.011,97.857,"93.265000000000001","83.653000000000006",92.965,90.696,92.507,1246
"2011. 02",100.338,92.282,103.018,86.422,86.05,125.706,"103.137",80.561,89.695,140.091,122.399,104.891,123.015,101.33,100.728,95.297,157.735,97.149,"101.45",86.116,"94.760999999999996",92.528,82.043,88.608,86.644,77.011,97.857,"95.846000000000004","83.653000000000006",93.055,90.963,92.969,1121
"2011. 03",99.693,93.179,102.916,86.506,88.175,130.766,"103.137",80.877,89.96,146.453,100,105.626,123.506,103.654,100.728,97.482,164.884,97.149,"101.45",89.302,"94.129000000000005",92.528,84.432,90.416,88.184,78.225,97.857,"95.846000000000004","83.153000000000006",93.146,90.963,92.969,1603
"2011. 04",98.036,93.269,102.711,86.506,88.175,131.686,"103.238",80.246,90.048,146.453,100,105.626,123.506,103.654,100.728,97.482,164.884,97.149,"102.449",89.302,"92.593000000000004",92.528,84.432,90.416,88.184,78.225,97.857,"95.846000000000004","83.153000000000006",92.965,90.963,92.969,1656
"2011. 05",95.275,93.896,102.916,87.69,88.175,130.076,"103.238",81.745,90.665,146.453,100,105.626,123.506,103.654,100.728,97.482,164.884,97.149,"102.449",89.302,"92.593000000000004",92.528,84.432,90.416,88.184,78.225,97.857,"95.846000000000004","83.153000000000006",93.055,90.963,92.969,1893
"2011. 06",96.471,94.076,103.018,87.859,88.175,129.156,"102.123",82.297,90.93,146.453,100,105.626,123.506,103.654,100.728,97.482,164.884,97.149,"102.449",89.302,"92.593000000000004",92.528,84.432,90.416,88.184,78.225,98.836,"95.846000000000004","83.153000000000006",93.055,90.963,92.969,1380
"2011. 07",98.496,94.614,102.711,87.944,88.77,131.686,"101.92",82.613,91.371,146.453,100,105.626,123.506,103.553,100.728,97.482,164.884,97.149,"102.449",89.302,"92.593000000000004",92.528,84.432,90.416,88.184,78.225,98.836,"95.846000000000004","83.153000000000006",93.055,91.498,92.969,900
"2011. 08",103.928,94.704,102.711,87.944,88.77,131.801,"102.32599999999999",82.455,91.459,146.453,100,105.626,123.506,103.553,100.728,97.482,164.884,97.149,"102.449",89.302,"93.135000000000005",92.528,84.432,90.416,88.184,84.294,98.836,"95.846000000000004","83.153000000000006",93.055,91.498,92.969,998
"2011. 09",102.363,94.883,102.608,87.944,88.77,132.031,"102.529",82.849,91.547,146.453,100,105.206,123.506,103.452,100.728,97.482,164.884,97.149,"102.449",89.302,"93.135000000000005",92.528,84.432,90.416,88.184,88.012,98.836,"95.846000000000004","83.153000000000006",93.055,91.498,92.969,1169
"2011. 10",98.036,95.062,102.711,88.028,88.77,133.641,"102.529",82.06,91.724,146.453,100,105.206,123.506,103.452,100.728,97.482,164.884,97.149,"102.449",89.302,"93.135000000000005",92.528,84.432,90.416,88.184,88.012,99.618,"95.846000000000004","83.153000000000006",93.055,91.766,92.969,2257
"2011. 11",96.563,95.69,102.711,90.058,88.77,133.066,"102.529",82.613,91.988,146.453,100,105.206,123.506,103.452,100.728,97.482,164.884,98.103,"102.449",89.302,"93.135000000000005",92.528,84.432,90.416,88.184,89.226,99.618,"95.846000000000004","83.153000000000006",93.055,91.766,92.969,2054
"2011. 12",99.141,95.6,102.403,90.058,89.196,131.111,"102.529",82.928,92.253,146.453,100,105.206,123.506,103.452,100.728,97.482,164.884,98.103,"102.449",90.25,"93.135000000000005",92.528,84.432,90.416,88.184,89.226,99.618,"95.846000000000004","83.153000000000006",93.236,92.479,95.097,1736
"2012. 01",102.722,95.932,102.988,90.058,89.247,131.801,"103.482",82.936,92.279,146.494,100,105.217,123.519,103.411,100.728,97.492,164.899,96.215,"102.449",90.258,"92.945999999999998",92.528,86.046,90.399,89.732,89.226,99.618,"95.899000000000001","83.153000000000006",93.561,93.398,95.069,1113
"2012. 02",102.409,96.587,102.516,90.286,90.156,134.699,"103.593",84.42,92.482,146.494,100,105.217,123.519,103.411,100.728,97.492,164.899,96.215,"102.449",90.258,"93.253",92.528,87.652,90.399,91.254,90.448,99.618,"95.899000000000001","83.153000000000006",93.561,93.398,95.069,1299
"2012. 03",103.863,96.865,102.003,90.455,90.964,137.264,"103.64400000000001",84.42,92.606,123.219,100,101.64,101.162,100.936,100.728,97.197,107.851,96.215,"102.449",93.264,"93.587000000000003",92.528,89.596,92.999,91.254,90.448,99.618,"97.519000000000005","83.153000000000006",94.13,94.156,95.069,1839
"2012. 04",101.028,96.578,101.746,90.464,90.964,138.713,"97.935000000000002",83.173,92.808,123.219,100,101.64,101.162,100.936,100.728,97.197,107.851,99.905,"102.449",93.264,"92.53",92.528,89.596,92.999,91.254,90.448,99.618,"97.519000000000005","83.153000000000006",94.13,94.432,95.069,1580
"2012. 05",100.669,97.116,101.941,91.757,91.185,137.816,"99.152000000000001",84.349,92.958,123.219,100,101.64,101.162,100.936,100.728,97.197,107.851,99.905,"102.449",93.264,"92.53",92.528,89.596,92.999,91.254,90.448,99.618,"97.519000000000005","83.153000000000006",94.527,94.432,95.069,1515
"2012. 06",99.868,96.919,101.664,92.476,91.143,134.055,"99.313999999999993",84.585,93.073,123.219,100,101.64,101.162,100.936,100.728,97.197,107.851,99.905,"102.449",93.264,"92.53",92.528,89.596,92.999,91.254,91.047,99.618,"97.519000000000005","83.153000000000006",94.671,94.432,96.781,1625
"2012. 07",99.353,95.986,101.469,92.476,91.355,128.845,"97.406999999999996",83.41,93.188,123.219,100,101.64,101.162,100.936,100.728,97.197,107.851,99.905,"102.449",94.9,"93.19",92.528,91.219,93.86,91.254,91.047,99.618,"97.519000000000005","83.153000000000006",95.104,94.432,96.781,1077
"2012. 08",99.905,96.587,101.305,92.468,91.355,131.744,"97.64",84.017,93.399,123.219,100,101.64,101.162,100.936,100.728,97.197,107.851,99.905,"102.449",94.9,"93.415000000000006",92.528,92.85,93.86,91.254,91.047,99.618,"97.519000000000005","83.153000000000006",95.565,94.432,96.781,960
"2012. 09",105.492,97.313,101.346,92.459,91.432,135.516,"97.63",84.767,93.54,123.219,100,101.115,101.162,100.936,100.728,97.197,107.851,99.905,"102.449",94.9,"93.415000000000006",92.528,92.85,93.86,91.254,91.047,99.618,"97.519000000000005","83.153000000000006",95.565,94.798,96.781,1326
"2012. 10",104.167,97.206,100.997,92.459,91.976,135.102,"97.721999999999994",84.357,93.69,123.219,100,101.115,101.162,100.936,100.728,97.197,107.851,99.905,"102.449",94.9,"93.415000000000006",92.528,92.85,93.86,91.254,91.047,99.618,"97.519000000000005","83.153000000000006",95.565,94.798,96.781,2088
"2012. 11",100.816,97.062,101.305,93.745,91.959,131.249,"97.721999999999994",84.775,93.752,123.219,100,101.115,101.162,100.936,100.728,97.197,107.851,99.905,"105.944",94.9,"93.415000000000006",92.528,92.85,93.86,91.254,91.047,99.618,"97.519000000000005","83.153000000000006",96.025,94.798,96.781,1984
"2012. 12",102.335,97.116,101.438,93.753,92.138,130.697,"97.700999999999993",84.672,93.831,123.219,100,101.115,101.162,100.936,100.728,97.197,107.851,99.905,"105.944",94.9,"94.084000000000003",92.528,92.85,93.86,92.777,92.246,99.618,"98.933999999999997","83.153000000000006",96.025,95.511,96.781,1673
"2013. 01",105.566,97.062,102.177,93.753,92.554,130.398,"97.762",83.781,93.893,123.219,100,101.115,101.162,100.936,100.728,97.197,107.851,99.905,"105.944",94.9,"94.507999999999996",94.098,94.506,96.444,92.777,92.246,101.067,"98.933999999999997","83.153000000000006",96.485,96.626,96.781,1314
"2013. 02",106.818,97.439,101.982,93.778,92.554,131.732,"97.762",85.059,93.955,123.219,100,101.115,101.162,100.936,100.728,97.197,107.851,99.905,"105.944",94.9,"94.507999999999996",94.098,94.506,96.444,92.777,93.445,101.067,"98.933999999999997","83.153000000000006",95.565,97.705,96.781,1036
"2013. 03",103.964,97.699,101.613,93.821,93.311,133.848,"97.903999999999996",84.846,93.981,89.448,100,100.108,100.966,100.219,100.427,97.976,85.099,99.905,"105.944",94.9,"95.05",95.812,96.17,98.269,94.291,98.832,101.067,"98.933999999999997","86.004999999999995",95.565,98.205,96.781,1785
"2013. 04",103.467,97.08,101.182,93.804,93.328,131.376,"97.903999999999996",83.015,94.034,89.448,100,100.108,100.966,100.219,100.427,97.976,85.099,99.905,"105.944",94.9,"95.05",95.812,96.17,98.269,94.291,98.832,101.067,"98.933999999999997","86.004999999999995",95.862,98.205,97.854,1549
"2013. 05",102.234,97.242,100.884,94.717,93.328,127.741,"98.036000000000001",84.325,94.131,90.333,100,100.108,100.966,100.219,100.427,97.976,85.099,99.905,"105.944",94.9,"95.05",95.812,96.17,98.269,94.291,98.832,101.067,"98.933999999999997","86.004999999999995",96.765,98.205,97.854,1692
"2013. 06",100.844,97.412,101.274,95.013,94.45,127.408,"98.066000000000003",84.357,94.308,90.333,100,100.108,100.966,100.219,100.427,97.976,85.099,99.905,"105.944",95.882,"95.05",96.511,96.17,98.269,94.291,98.832,101.067,"98.933999999999997","86.004999999999995",96.765,97.937,97.854,1504
"2013. 07",100.743,97.286,101.336,95.038,94.765,129.225,"97.61",82.652,94.361,90.333,100,100.108,100.966,100.219,100.427,97.976,85.099,99.905,"105.944",95.882,"95.05",96.511,96.17,98.269,94.291,98.832,101.067,"98.933999999999997","86.004999999999995",97.018,97.937,97.854,1050
"2013. 08",104.802,97.017,101.223,95.013,94.765,130.341,"97.661000000000001",84.001,94.511,90.333,100,100.108,100.966,100.219,100.427,97.976,85.099,99.905,"105.944",95.882,"95.05",96.511,96.17,98.269,94.291,98.832,101.067,"98.933999999999997","86.004999999999995",97.018,97.937,97.854,1001
"2013. 09",104.305,97.968,101.438,95.038,94.765,129.363,"97.397000000000006",84.783,94.722,90.472,100,100.098,100.966,100.219,100.427,97.976,85.099,99.905,"105.944",95.882,"95.05",96.511,96.17,98.269,94.291,98.832,101.781,"98.933999999999997","89.165999999999997",97.117,95.957,97.854,1186
"2013. 10",99.739,98.04,101.962,95.038,94.952,127.684,"97.519000000000005",84.988,95.066,90.472,100,100.098,100.966,100.219,100.427,97.976,85.099,99.905,"105.944",95.882,"95.05",96.511,96.17,98.269,94.291,98.832,101.781,"98.933999999999997","89.165999999999997",97.117,94.807,97.854,2098
"2013. 11",96.462,98.685,101.654,97.973,94.952,126.258,"97.509",85.95,95.357,90.472,100,100.098,100.966,100.219,100.427,97.976,85.099,99.905,"106.88200000000001",95.882,"95.05",96.511,96.17,98.269,94.291,98.832,101.781,"98.933999999999997","89.165999999999997",97.631,94.807,97.854,2000
"2013. 12",96.692,98.515,100.915,97.854,95.326,126.683,"97.519000000000005",85.09,95.595,90.472,100,100.098,100.966,100.219,100.427,97.976,85.099,101.754,"106.88200000000001",95.882,"95.230999999999995",96.511,96.17,98.269,94.291,100,101.781,"98.933999999999997","89.165999999999997",97.631,94.807,97.854,1795
"2014. 01",99.03,98.614,101.613,97.973,95.326,128.282,"97.427000000000007",84.767,96.001,90.472,100,100.098,100.966,100.219,100.427,97.976,85.099,101.754,"106.88200000000001",98.146,"96.287999999999997",96.511,97.825,98.269,95.822,100,101.781,"98.933999999999997","91.043000000000006",98.011,96.243,97.854,1209
"2014. 02",100.485,99.071,101.459,97.88,95.335,127.787,"98.269000000000005",85.801,96.001,90.472,100,100.098,100.966,100.219,100.427,97.976,85.099,101.754,"106.88200000000001",98.146,"96.287999999999997",96.511,97.825,98.269,95.822,100,101.781,"98.933999999999997","91.043000000000006",98.011,96.243,97.854,1212
"2014. 03",99.886,99.286,101.469,97.795,95.853,127.638,"98.3",86.029,96.177,95.989,100,99.993,100.266,100.017,100.126,99.344,94.548,101.754,"106.88200000000001",98.146,"96.287999999999997",96.511,97.825,98.269,95.822,100,101.781,"98.933999999999997","103.09399999999999",98.101,96.243,97.854,1716
"2014. 04",98.957,98.963,101.1,97.711,95.768,127.028,"98.126999999999995",85.816,96.424,95.989,100,99.993,100.266,100.017,100.126,99.344,94.548,101.754,"106.88200000000001",98.146,"96.287999999999997",96.511,97.825,98.269,95.822,100,101.781,"98.933999999999997","97.548000000000002",98.101,96.243,97.854,1640
"2014. 05",99.408,99.394,101.264,98.294,96.338,126.752,"98.766000000000005",86.416,96.654,95.989,100,99.993,100.266,100.017,100.126,99.344,94.548,101.754,"106.88200000000001",98.146,"96.287999999999997",96.511,97.825,98.269,97.344,100,101.781,"98.933999999999997","97.548000000000002",97.424,96.243,97.854,1748
"2014. 06",98.165,99.349,100.915,98.954,96.338,125.614,"98.623999999999995",86.116,96.715,95.989,100,99.993,100.266,100.017,100.126,99.344,94.548,101.754,"103.38800000000001",98.146,"96.287999999999997",96.901,97.825,98.269,98.858,100,101.781,"98.933999999999997","97.548000000000002",97.424,97.17,97.854,1414
"2014. 07",97.125,99.358,100.648,98.954,97.197,125.211,"98.704999999999998",85.974,96.857,95.989,100,99.993,100.266,100.017,100.126,99.344,94.548,101.754,"103.38800000000001",98.146,"96.287999999999997",96.901,97.825,98.269,98.858,100,101.781,"98.933999999999997","97.548000000000002",96.72,96.537,97.854,958
"2014. 08",99.132,99.241,100.546,98.954,97.154,123.98,"98.725999999999999",86.053,97.068,95.989,100,99.993,100.266,100.017,100.126,99.344,94.548,101.754,"103.38800000000001",98.146,"97.146000000000001",96.901,97.825,98.269,98.858,100,101.781,"98.933999999999997","97.548000000000002",96.72,96.537,97.854,940
"2014. 09",99.785,99.053,100.176,99.063,97.154,121.749,"98.786000000000001",86.953,97.218,95.989,100,99.983,100.266,100.017,100.126,99.344,94.548,101.754,"106.76300000000001",98.146,"97.146000000000001",97.835,97.825,98.269,98.858,100,101.781,"98.933999999999997","99.45",96.521,97.571,97.854,1207
"2014. 10",97.3,98.99,100.227,99.063,97.154,119.518,"99.090999999999994",86.826,97.474,95.989,100,99.983,100.266,100.017,100.126,99.344,94.548,101.754,"106.76300000000001",98.146,"97.146000000000001",97.835,97.825,98.269,98.858,100,99.286,"98.933999999999997","99.45",96.63,97.571,97.854,1903
"2014. 11",96.204,98.784,99.766,100.171,96.993,116.091,"99.141000000000005",86.945,97.694,95.989,100,99.983,100.266,100.017,100.126,99.344,94.548,101.754,"106.76300000000001",98.146,"97.146000000000001",97.835,97.825,98.269,98.858,100,99.286,"98.933999999999997","99.45",98.751,97.571,97.854,1651
"2014. 12",97.235,98.363,99.54,100.044,99.297,111.605,"98.978999999999999",87.071,97.994,95.989,100,99.983,100.266,100.017,100.126,99.344,94.548,101.754,"102.898",98.146,"97.146000000000001",97.835,97.825,98.269,98.858,100,99.286,"98.933999999999997","99.45",99.843,97.723,97.854,1653
"2015. 01",99.43,100.05,100.61,99.85,99.36,100.97,"99.75",99.56,98.7,96.07,100,99.98,100.22,100.02,100.12,99.37,94.92,100,"102.57",98.42,"98.81",100.48,97.9,100,98.92,100,99.3,"99.65","100.54",98.6,98.62,100,1274
"2015. 02",101.56,99.5,100.66,99.54,99.74,96.5,"99.74",100,98.91,96.07,100,99.98,100.22,100.02,100.12,99.37,94.92,100,"102.57",98.42,"98.81",100.48,97.9,100,98.92,100,99.3,"99.65","100.54",99.34,98.74,100,947
"2015. 03",99.85,100.16,100.44,99.53,99.74,100.83,"100.13",100.43,99.23,100.79,100,100,99.96,100,99.98,100.12,101.02,100,"99.7",98.42,"98.81",100.48,99.46,100,98.92,100,99.3,"99.65","100.54",99.52,98.74,100,1702
"2015. 04",99.34,99.81,99.73,99.61,100.07,100.96,"100.07",98.96,99.4,100.79,100,100,99.96,100,99.98,100.12,101.02,100,"99.7",98.42,"98.81",100.48,99.46,100,100.36,100,99.3,"99.65","102.53",99.52,100.06,100,1483
"2015. 05",101.37,100.34,99.85,99.82,100.07,102.78,"100.12",99.99,99.71,100.79,100,100,99.96,100,99.98,100.12,101.02,100,"99.7",98.42,"99.75",99.76,99.46,100,100.36,100,99.35,"99.65","102.53",100.07,99.47,100,1678
"2015. 06",100.39,100.55,100.05,99.91,100.07,104.58,"100.14",99.97,100,100.79,100,100,99.96,100,99.98,100.12,101.02,100,"99.47",101.13,"100.89",99.76,99.46,100,100.36,100,99.35,"99.65","99.05",100.07,99.94,100,1295
"2015. 07",99.5,100.54,99.97,99.82,100.07,103.92,"100.14",99.66,100.26,100.79,100,100,99.96,100,99.98,100.12,101.02,100,"99.47",101.13,"100.89",99.76,101.06,100,100.36,100,99.35,"99.65","99.05",100.56,99.94,100,964
"2015. 08",101.38,100.42,100.48,99.95,100.12,101.75,"99.95",100.39,100.49,100.79,100,100,99.96,100,99.98,100.12,101.02,100,"98.97",101.13,"100.64",99.76,101.06,100,100.36,100,99.35,"99.65","99.05",101.06,100.37,100,968
"2015. 09",101.28,99.76,99.5,99.93,100.12,99.2,"100",100.16,100.54,100.79,100,100,99.96,100,99.98,100.13,101.02,100,"99.47",101.13,"100.64",99.76,101.06,100,100.36,100,101.35,"99.65","99.05",99.65,101.02,100,1282
"2015. 10",99.33,99.68,99.46,99.92,100.12,97.9,"100",100.01,100.75,100.79,100,100,99.96,100,99.98,100.13,101.02,100,"99.47",101.13,"100.64",99.76,101.06,100,100.36,100,101.35,"99.65","99.05",100.84,101.02,100,1968
"2015. 11",96.76,99.67,99.6,101.11,100.12,96.11,"100",100.21,100.93,100.79,100,100,99.96,100,99.98,100.13,101.02,100,"99.47",101.13,"100.64",99.76,101.06,100,100.36,100,101.35,"101.74","99.05",101.29,101.02,100,1792
"2015. 12",99.82,99.52,99.66,101.01,100.39,94.49,"99.95",100.68,101.09,100.79,100,100,99.96,100,99.98,100.13,101.02,100,"99.47",101.13,"100.64",99.76,101.06,100,100.36,100,101.35,"101.74","99.05",99.47,101.02,100,1765
"2016. 01",101.58,99.06,100.4,100.97,100.39,91.16,"99.84",99.68,101.26,100.79,100,100,99.96,100,99.98,100.13,101.02,100,"99.03",101.13,"102.05",102.45,102.53,100,103.32,100,101.35,"101.74","99.05",98.11,101.44,101.79,1178
"2016. 02",105.76,98.82,99.54,101,100.44,88.28,"99.84",101.15,101.43,100.79,100,100,99.96,100,99.98,100.13,101.02,100,"99.03",101.13,"102.05",102.45,102.53,100,103.32,98.44,101.35,"101.74","99.05",99.36,101.44,101.79,996
"2016. 03",102.86,98.85,99.69,101.15,100.44,87.47,"99.69",101.22,101.58,98.27,100,99.99,99.67,100.03,99.81,100.66,105.04,100,"102.12",102.8,"101.33",102.45,104.18,102.47,104.82,98.44,101.66,"101.74","99.05",100.92,101.44,101.79,1504
"2016. 04",102.58,99.33,100.95,101.15,100.62,88.17,"99.78",101.41,101.66,98.27,100,99.99,99.67,100.03,99.81,100.66,105.04,100,"98.77",102.8,"101.33",102.45,104.18,102.47,106.5,98.44,101.66,"101.74","99.05",100.92,101.44,101.79,1484
"2016. 05",100.54,99.55,100.87,101.67,100.62,90.07,"99.66",101.41,101.86,98.27,100,99.99,99.67,100.03,99.81,100.66,105.04,100,"98.77",102.8,"101.33",102.45,104.18,102.47,106.5,98.44,101.66,"101.74","102.98",100.92,101.44,101.79,1519
"2016. 06",98.62,100.08,101,101.66,100.62,94.6,"99.64",101.48,102.05,98.27,100,99.99,99.67,100.03,99.81,100.66,105.04,100,"98.77",103.58,"101.33",102.45,104.18,102.47,106.5,98.44,101.66,"101.74","102.98",101.59,101.44,101.79,1292
"2016. 07",98.97,99.92,101.53,101.64,100.48,94.81,"99.68",100.95,102.18,98.27,100,99.99,99.67,100.03,99.81,100.66,105.04,100,"98.77",103.58,"101.33",102.45,104.18,102.47,106.5,98.44,101.66,"101.74","102.98",99.28,101.44,101.79,983
"2016. 08",101.07,99.82,101.7,101.64,100.48,93.25,"99.51",100.84,102.24,98.27,100,99.99,99.67,100.03,99.81,100.66,105.49,100,"98.77",103.58,"101.33",102.45,104.18,102.47,106.5,98.44,101.66,"101.74","102.98",101.74,101.44,101.79,952
"2016. 09",108.73,99.87,101.83,101.66,100.48,92.62,"99.53",101.2,102.37,98.27,100,100.03,99.67,100.02,99.81,100.97,105.49,99.1,"98.77",103.58,"101.33",102.45,104.18,102.47,106.5,98.44,101.66,"101.74","102.98",102.46,101.44,101.79,1077
"2016. 10",105.67,100,101.62,101.89,100.48,92.83,"99.5",100.86,102.64,98.27,100,100.03,99.67,100.02,99.81,100.97,105.49,99.1,"98.77",103.58,"101.33",102.45,104.18,102.47,106.5,98.44,101.66,"101.74","102.98",102.07,101.44,101.79,1868
"2016. 11",104.58,100.04,100.29,102.46,101.02,93.83,"99.5",100.98,102.8,98.27,100,100.03,99.67,100.02,99.81,100.97,105.49,99.1,"98.77",103.58,"101.33",102.45,104.18,102.47,106.5,98.44,101.66,"101.74","102.98",99.33,101.44,101.79,1760
"2016. 12",106.72,100.23,100.65,102.38,101.18,95.52,"99.49",101.14,102.96,98.27,100,100.03,99.67,100.02,99.81,100.97,105.49,99.1,"98.77",103.58,"101.33",102.45,104.18,102.47,106.5,98.44,101.66,"101.74","102.98",100.53,101.44,101.79,1479
"2017. 01",110.71,100.96,101.05,102.4,101.33,99.34,"99.25",100.47,103.03,98.27,100,100.03,99.67,100.02,99.8,100.97,105.5,99.1,"98.75",103.58,"101.35",102.45,104.18,102.47,106.51,98.44,101.66,"101.74","102.98",102.03,103,101.79,1087
"2017. 02",111.08,101.3,101.54,102.5,102.18,100.51,"99.05",101.25,103.27,98.27,100,100.03,99.67,100.02,99.8,100.97,105.5,99.1,"98.75",103.58,"101.35",103.08,104.18,102.47,106.51,98.44,101.66,"101.74","102.98",102.11,103,101.79,1159
"2017. 03",108.76,101.14,101.14,102.52,102.18,100.16,"99.07",101.33,103.63,99.58,100,100.01,98.99,99.95,99.35,101.58,108.03,99.1,"98.75",103.58,"103.55",103.08,104.18,102.47,108.39,98.44,101.66,"101.74","102.98",104.87,103,101.79,1348
"2017. 04",107.1,100.85,101.64,102.54,102.18,98.53,"99.22",99.96,103.65,99.58,100,100.01,98.99,99.95,99.35,101.58,108.03,100.85,"99.84",103.58,"103.55",103.08,104.18,102.47,108.39,99.76,101.66,"101.74","102.98",105.64,103,101.79,1447
"2017. 05",105.76,101.09,101.85,102.95,102.18,98.24,"99.43",100.89,103.89,99.58,100,100.01,98.99,99.95,99.35,101.58,108.03,101.77,"99.84",103.58,"103.55",103.08,104.18,102.47,108.39,99.76,101.66,"101.74","102.98",105.64,103.64,101.79,1471
"2017. 06",104.87,101.04,101.76,102.95,103.34,96.84,"99.43",101.69,103.98,99.58,100,100.01,98.99,99.95,99.35,101.58,108.03,101.77,"101.01",103.58,"103.55",103.08,104.18,102.47,108.39,99.76,101.66,"101.74","102.98",105.89,104.29,101.79,1099
"2017. 07",104.38,100.62,101.74,102.9,102.49,94.6,"99.49",100.51,104.16,99.58,100,100.01,98.99,99.95,99.35,101.58,108.03,101.77,"101.01",103.58,"103.55",103.08,104.18,102.47,108.39,99.76,101.66,"101.74","102.98",105.4,104.69,101.79,729
"2017. 08",109.95,100.85,101.55,102.64,102.49,96.39,"99.51",101.49,104.3,99.58,100,100.01,98.99,99.95,99.35,101.58,108.03,101.77,"101.01",103.58,"103.55",103.08,104.18,102.47,108.39,99.76,101.66,"101.74","102.98",105.88,104.69,101.79,739
"2017. 09",112.25,101.09,101.84,102.69,102.49,98.13,"99.49",101.31,104.34,99.58,100,100.01,98.99,99.95,99.35,101.58,108.03,101.77,"101.01",103.58,"103.55",103.08,104.18,102.47,108.39,99.76,101.66,"101.74","102.98",105.7,104.69,101.79,1185
"2017. 10",107.34,101.56,101.9,102.81,102.49,100.56,"99.22",101.69,104.39,99.58,100,100.01,98.99,99.95,99.35,101.58,108.03,101.77,"101.01",103.58,"103.55",103.08,104.18,102.47,108.39,99.76,101.66,"101.74","102.98",105.13,104.69,101.79,1705
"2017. 11",103.77,101.35,101.52,103.51,102.49,101.85,"99.21",100.39,104.5,99.58,100,100.01,98.99,99.95,99.35,101.58,108.03,101.77,"101.01",103.58,"103.55",103.08,104.18,102.47,108.39,99.76,101.66,"101.74","102.98",106.96,104.69,101.79,1757
"2017. 12",107.3,101.45,101.23,103.51,102.78,103.11,"99.22",100.97,104.55,99.58,100,100.01,98.99,99.95,99.35,101.58,108.03,101.77,"101.01",103.58,"103.55",103.08,104.18,102.47,109.97,99.76,101.66,"101.74","102.98",106.96,104.69,101.79,1509
"2018. 01",109.87,101.42,101.21,103.53,102.78,103.65,"99.03",99.78,104.66,99.58,100,100.01,98.99,99.95,99.35,101.58,108.03,101.77,"101.01",103.58,"103.88",104.04,105.7,105.95,111.45,99.76,101.66,"101.74","102.98",108.07,105.27,101.79,1139
"2018. 02",115.45,101.8,100.98,103.83,102.78,104.56,"99.18",101.13,104.98,99.58,100,100.01,98.99,99.95,99.35,101.58,108.03,101.77,"101.01",103.58,"103.88",104.04,105.7,105.95,111.45,99.76,101.94,"101.74","102.98",108.32,105.13,101.79,854
"2018. 03",111.04,101.9,101.72,103.6,102.36,103.65,"99.44",101.03,105.03,101.2,100,100.21,97.96,99.48,99.35,102.53,94.64,101.77,"102.45",103.58,"103.88",104.04,105.7,105.95,111.45,99.76,101.94,"101.74","102.98",109.69,105.13,101.79,1333
"2018. 04",110.86,101.97,101.95,103.61,102.42,102.71,"99.27",101.51,105.15,101.2,100,100.21,97.96,99.48,99.35,102.53,94.64,100.17,"102.45",103.58,"103.88",104.04,107.24,105.95,112.95,99.76,101.94,"101.74","102.98",109.23,105.13,101.79,1242
"2018. 05",109.51,102.45,102.43,103.6,102.42,105.25,"99.27",101.82,105.28,101.2,100,100.21,97.96,99.48,99.35,102.53,84.68,100.17,"102.45",103.58,"103.88",104.04,107.24,105.95,114.46,99.76,101.94,"101.74","102.98",109.78,105.5,101.79,1338
"2018. 06",107.81,102.82,101.85,103.6,102.69,107.96,"99.27",101.8,105.27,101.2,100,100.21,97.96,99.48,99.35,102.53,84.68,100.17,"102.45",103.58,"103.88",104.04,107.24,105.95,114.46,99.76,101.94,"101.74","102.98",109.78,105.5,101.79,1162
"2018. 07",108.06,102.33,100.99,103.54,104.34,107.65,"99.3",101.53,105.27,101.2,100,100.21,97.96,99.48,99.35,102.53,84.68,100.17,"102.45",103.58,"103.88",104.04,107.24,105.95,114.46,99.76,102.23,"101.74","102.98",107.23,105.69,101.79,833
"2018. 08",117.76,102.44,100.81,103.54,104.34,108.12,"99.3",101.6,105.26,101.2,100,100.21,97.96,99.48,99.35,102.53,80.66,100.17,"102.45",103.58,"103.88",104.04,107.24,105.95,114.46,99.76,102.23,"101.74","102.98",107.23,105.69,101.79,870
"2018. 09",123.88,102.51,100.93,103.6,104.34,108.98,"99.07",101.55,105.47,101.2,100,100.21,97.96,99.48,99.35,102.53,80.66,100.17,"102.45",103.58,"103.88",104.04,107.24,105.95,114.46,99.76,102.23,"101.74","102.98",108.55,105.69,101.79,1100
"2018. 10",118.47,103.08,101.1,103.67,104.4,112.68,"99.22",101.64,105.51,101.2,100,100.21,97.96,99.48,99.35,102.53,80.66,101.03,"102.45",103.58,"103.88",104.04,107.24,105.95,114.46,99.76,102.23,"101.74","102.98",109.73,105.69,101.79,1787
"2018. 11",113.85,102.55,100.66,103.99,104.75,108.09,"99.35",101.79,105.53,101.2,100,100.21,97.96,99.48,99.35,102.53,80.66,101.03,"102.45",103.58,"103.88",104.04,107.24,105.95,114.46,99.76,102.23,"101.74","102.98",108.32,105.69,101.79,1669
"2018. 12",114.71,101.51,100.63,103.99,104.83,98.55,"99.05",101.85,105.57,101.2,100,100.21,97.96,99.48,99.35,102.53,80.66,101.03,"102.45",103.58,"103.88",104.04,107.24,105.95,114.46,99.76,102.23,"101.74","102.98",108.66,105.69,101.79,1523
